Seed,UpperTask,UpperExtension,LowerTask,LowerExtension,Wagons,Engine,Version
0BIIVnU0,4,4,2,5,7;10;6;12;13;1;2,1,1
0qL0nkhu,2,3,5,3,14;2;3;8;15;11,1,1
09gri2Yj,2,6,6,7,1;7;16;17;18;19;4,1,1
0fxD2tLy,7,3,3,2,20;21;21;15;3;14,1,1
0zuxl5iy,7,7,8,7,7;8;3;10;4;16;22,1,1
0ywa9pRd,9,1,7,3,1;12;9;17;8;5,1,1
01t6s44U,4,1,7,3,1;9;20;1;16;1;10,1,1
0VLhQcVX,10,1,5,4,7;1;6;23;15;3;11,1,1
0FT7FMQw,4,4,1,2,1;17;24;10;3;12;24;4,1,1
0YPDnuky,10,1,9,4,20;4;13;5;7;18;5,1,1
0Ppj3ArX,9,3,5,4,1;11;7;16;1;23,1,1
05Z35LCX,2,3,7,7,1;5;6;7;2;14,1,1
0Ak9tHOW,2,8,4,2,20;5;23;13;17;10,1,1
0HC0pgYR,10,1,11,6,1;1;16;20;14;7,1,1
0kbNZ3Sd,8,6,2,3,1;10;24;2;9;21;23,1,1
0DGc3g24,4,1,3,3,1;15;16;21;6;11;18;7,1,1
0SlGufY7,3,6,6,4,7;23;7;24;8;5,1,1
0LCYFoJ8,1,4,5,7,20;7;1;24;14;19,1,1
0D43y33W,1,1,8,3,14;7;16;12;21;5,1,1
0QV9Yj9l,11,6,4,4,14;20;16;15;13;15;5,1,1
07dhZfCV,1,1,12,4,20;2;2;13;21;20,1,1
0G1GZBng,3,4,8,3,20;5;6;17;1;23,1,1
0Q0wtuEw,3,6,8,3,7;19;24;11;17;9;1,1,1
0H9LDyhQ,4,3,10,1,20;7;23;16;12;2,1,1
0JmyFpSv,12,1,13,8,1;14;19;14;3;11,1,1
0wkdKQrY,11,4,10,3,20;23;15;9;19;12,1,1
0OED0dfz,1,1,10,7,20;8;9;7;17;3;23,1,1
07oAa32j,2,4,5,6,7;4;10;23;8,1,1
0wnMnDdm,11,6,3,3,14;17;16;21;9;20;12,1,1
0zEZ5leg,2,3,14,1,14;1;10;3;2;17,1,1
0Sv7rDMZ,3,1,10,4,1;11;3;20;18;2;3;19,1,1
0QABONNu,4,2,10,5,14;5;1;6;7;3;15,1,1
0d469pWq,1,5,7,4,14;12;3;7;1;19,1,1
0aOJgOci,8,1,7,4,1;10;6;5;12;18;7,1,1
0cyTMOR8,12,4,6,2,1;21;5;20;9;2,1,1
0iXkZ2cL,5,1,3,4,14;15;9;23;20;19,1,1
0C0au25l,6,3,10,5,14;19;16;10;8;15,1,1
09XaXWfX,7,5,12,3,1;5;15;3;12;11,1,1
0B4jttVN,7,1,2,2,20;14;9;15;24;17;2,1,1
0LvedKPA,9,9,5,6,14;2;8;3;4;15,1,1
0MJUEfeC,8,7,2,2,14;10;3;19;10;16;2,1,1
0b9ErfsZ,4,2,1,9,14;21;7;16;20;2,1,1
0TvdGGYY,4,3,12,9,14;1;6;23;21;13;17,1,1
0yxwptKW,4,3,3,2,1;19;17;9;20;11,1,1
0KLrAWY4,11,1,5,2,7;19;9;15;7;13;12,1,1
0hSU2W0V,6,8,8,6,20;23;6;11;21;21,1,1
0NgTumpz,12,4,3,7,7;2;6;23;3;2;12,1,1
0M7oplnx,2,3,11,6,7;7;6;4;8;20,1,1
0Tb5xvkO,3,8,11,6,14;10;16;5;6;15;16;23,1,1
0SOVyLdv,7,3,5,8,20;12;2;15;6;4,1,1
09VMt1D8,9,7,8,8,20;5;6;4;12;19,1,1
0ZsjxnuD,2,6,8,4,1;2;14;3;19;16;23,1,1
0p3xVfN8,9,1,12,6,20;7;3;23;2;19,1,1
0rHojPNg,1,3,7,2,20;23;24;22;14;11,1,1
0AvocQxA,11,3,5,5,20;2;15;16;10;20,1,1
0A4fT3dy,12,6,5,4,1;12;16;5;24;23;18;15,1,1
0VX3funD,7,9,4,1,14;4;10;13;17;7,1,1
0WnXFJNL,8,7,2,3,7;21;15;3;14;15,1,1
05BvIAKL,1,4,6,1,20;10;5;16;15;8,1,1
06ObGvE7,12,6,14,2,7;20;13;12;17;21,1,1
0nOksZz3,6,1,7,3,1;2;24;20;9;17;24;5,1,1
0RuI49e1,5,1,9,3,20;17;16;5;22;24;11,1,1
0yjyjEGX,12,1,3,6,14;5;11;6;12;1,1,1
0qw6DC07,3,6,1,5,14;2;10;24;5;11,1,1
0PJvyDOw,8,6,4,7,14;11;2;13;23;23,1,1
01uBX33y,7,3,6,1,14;1;20;24;4;13;23,1,1
0j5B7Hps,3,9,2,8,1;15;23;12;24;19,1,1
0Q510ZrV,1,4,12,6,20;4;21;6;12;8,1,1
0VgZXC9K,3,6,6,2,14;11;6;1;2;16;4,1,1
0qlRfrEn,11,8,1,4,14;1;3;5;11;16;7,1,1
0PA016Qw,1,2,2,4,7;12;8;16;5;3;11,1,1
0Vts0rCM,1,4,10,2,20;2;13;11;16;22;10,1,1
0MYFUrZf,5,8,1,1,7;8;7;13;11;20,1,1
0F7Lga35,12,1,13,2,20;2;5;3;10;14,1,1
0V8rn9mL,12,4,6,3,1;10;4;11;9;21,1,1
07jiZpNO,1,6,6,9,14;11;9;17;13;19;10,1,1
0b5U3U3S,3,1,7,3,14;5;16;7;19;20,1,1
0YzMQ6HI,6,4,4,1,7;20;13;10;14;24;5,1,1
01QE9Yo5,7,6,14,7,14;21;3;2;1;16;22,1,1
0dFHMczc,7,8,10,3,14;8;6;21;15;16;4,1,1
0vFOLOOS,11,6,3,3,7;19;24;2;1;13;11,1,1
0u2RDj5Y,11,6,5,2,14;10;21;24;1;7,1,1
0JkLZ9IM,3,4,7,7,1;12;16;23;5;19,1,1
0KJDQEKB,10,2,4,6,7;5;3;21;10;12,1,1
04M3hUdO,10,9,7,4,1;5;16;11;24;8;16;12,1,1
0yYtzIYN,3,6,2,5,14;20;1;9;5;19,1,1
0Kn7Mdr1,11,7,14,4,14;4;15;6;17;7,1,1
0ZCO3Q7D,7,4,4,6,20;5;16;17;23;1,1,1
0JScfuA1,11,4,14,2,20;2;21;9;19;3;10,1,1
0UDfpEFF,4,6,7,2,1;4;12;16;22;15,1,1
09dCYN5V,12,4,10,5,1;14;24;19;8;23,1,1
0NNj7Ofm,6,6,8,8,7;19;3;20;1;13;4,1,1
0tPT9M5O,12,7,9,3,14;7;23;13;4;21,1,1
04XNhlYj,4,4,10,5,7;1;3;5;17;6;20,1,1
01QzwJ2l,3,2,8,3,20;11;16;10;4;9;17,1,1
0rat6uaK,4,3,14,2,1;15;3;21;8;19,1,1
0VjRqVwa,5,6,8,6,1;19;15;20;16;12,1,1
0WHOCRHE,6,4,12,5,20;15;19;13;5;3;23,1,1
0WsARVCm,12,3,5,2,14;19;16;4;13;2;20,1,1
0dyyDmhT,12,4,2,1,7;21;5;24;17;20,1,1
0xslMnhA,2,6,6,4,14;20;25;5;3;21,2,1
0Wb9bqMP,7,1,5,10,20;2;13;5;4;18;12,2,1
0frSP5tY,9,4,12,10,7;25;2;13;21;7,2,1
0c6IRoVb,10,4,4,10,7;17;13;11;4;7,2,1
0AuGIzMM,3,3,6,10,20;5;1;12;3;14,2,1
0Fm4CEtO,1,6,12,10,14;17;16;1;21;8,2,1
0xCWVty0,10,1,7,7,1;25;17;13;12;10,2,1
0BkAMW9d,11,10,4,4,1;10;24;23;5;3;11,2,1
0E212pBc,10,7,2,6,7;1;3;21;21;1,2,1
0544TuNb,1,8,10,10,14;2;24;23;6;5;10,2,1
0ei3KGYD,12,3,11,8,7;5;13;21;1;20,2,1
0pA5ad7S,4,4,10,10,1;14;12;13;11;23,2,1
0xVvV1ol,3,4,9,3,7;10;20;19;24;1,2,1
0BzduTzR,1,1,4,3,20;1;7;11;24;20,2,1
0fIPL1wu,2,6,12,3,14;4;13;1;12;7,2,1
06sNo1qi,7,8,9,3,20;8;7;1;13;19,2,1
0BIIr6ja,7,6,8,1,1;21;16;25;7;8,2,1
0QmGZu48,10,3,12,10,1;12;8;2;6;23,2,1
0WbfXC4D,3,3,12,6,20;7;16;11;24;1;18;5,2,1
0S5gVTWP,3,6,6,8,1;17;24;12;18;11;13;4,2,1
0qZtIfh0,12,6,7,6,20;11;3;5;9;15;7,2,1
0in2JPyI,4,10,12,9,7;8;12;13;23;5,2,1
00sM5feQ,11,1,12,6,20;10;1;24;19;12,2,1
08HwZe8h,1,7,8,6,14;10;9;5;20;19,2,1
0q6OAKSu,12,4,3,2,14;8;4;9;11;10,2,1
0xYpr6D7,8,10,7,2,14;11;9;15;4;20,2,1
04mKzF18,9,1,4,10,14;1;11;10;9;23,2,1
0lXvcKNG,1,10,3,7,14;8;5;3;10;6;21,2,1
024NR82f,4,6,9,9,7;21;20;3;4;24;1,2,1
0qnuDHsP,11,4,3,5,20;25;16;1;24;11;4,2,1
0ckmDcm5,1,8,7,3,14;23;13;20;3;10;12,2,1
0QBONwiD,1,1,2,10,1;23;5;6;19;9;8,2,1
0phhWpLG,7,10,3,4,14;1;13;19;24;7;4,2,1
0F5ojq9D,9,10,3,6,14;20;8;3;17;9;11,2,1
0wNxIIvN,5,3,3,4,20;7;13;2;12;6;5,2,1
0B7rpgzo,8,1,5,10,1;14;7;16;22;19,2,1
0yL55NMK,9,4,12,3,1;12;14;6;23;20,2,1
0vEAMugp,1,10,8,8,7;17;16;21;1;9;14,2,1
0ZbjEfxP,2,6,5,10,7;15;19;13;25;16;23,2,1
0rcd86Vn,1,10,3,8,14;5;8;10;6;1,2,1
0z0hgCDn,12,1,2,7,1;21;8;6;17;2,2,1
0xfRjbgm,12,3,8,10,20;1;3;1;5;21,2,1
02HX6ULn,1,6,7,2,14;20;13;12;14;2,2,1
0emoSotW,2,10,6,9,14;10;21;9;12;25,2,1
0ihFtOAB,6,6,5,9,20;11;13;15;10;5,2,1
0b5WwzIX,10,3,8,10,7;10;1;6;25;23,2,1
0NOImXuY,1,10,10,6,1;19;24;17;18;4;24;7,2,1
0JdldiHD,11,7,12,1,7;17;6;1;14;23,2,1
0dD08RVS,3,10,1,6,14;11;16;12;24;4;22,2,1
0PmMJ8ZT,10,6,9,7,7;4;25;7;13;17,3,1
0iUABFOz,4,1,7,8,14;23;3;5;19;9;15,3,1
0ptDzTXy,12,3,4,10,20;10;24;4;6;17;14,3,1
010ndE4B,7,4,2,6,7;8;3;23;9;19;3;17,3,1
0pwu6bag,6,1,11,5,20;8;13;19;8;4,3,1
0Tz1KqPg,4,7,2,10,7;25;19;6;8;10,3,1
03tNS4hI,8,2,6,8,7;23;9;1;17;2,3,1
0mpcu8QV,1,4,4,10,1;19;11;13;12;25,3,1
0YXOUxIg,2,6,6,1,1;2;16;10;13;4;23,3,1
0KdtIdiw,6,6,10,5,20;14;15;23;13;12,3,1
0GQAG6oc,11,7,1,4,7;21;25;20;13;2,3,1
0MfzWZif,8,10,12,1,14;5;6;15;18;11;12,3,1
0CSCotNu,9,1,6,2,20;25;16;22;7;9;2,3,1
04M22NRy,3,5,2,10,20;21;3;15;15;5,3,1
0n5oxYyW,1,6,2,10,14;20;24;15;11;22,3,1
0Q9oExiB,4,5,1,10,1;5;6;25;14;12,3,1
0YgKim6n,6,8,12,3,20;2;24;14;21;15,3,1
00y1giLj,12,3,4,6,20;19;25;8;3;15,3,1
0we1LGVV,7,2,4,7,20;23;1;6;8;7,3,1
0QqSEbzJ,7,10,5,4,14;12;25;7;6;2,3,1
0KGg9NMc,2,2,3,1,14;5;16;7;5;3;10,3,1
0aPqN8ZG,12,2,4,2,14;23;24;11;21;15,3,1
0AXbkaqV,5,4,3,10,7;8;10;3;11;17,3,1
0kWFc1mS,12,8,6,10,20;19;24;2;25;18;5,3,1
0HBrE84c,8,2,3,10,14;4;9;11;16;14;19,3,1
047I3riU,3,3,11,6,20;12;6;17;14;3;19,3,1
0hNeZ29f,7,9,9,4,14;20;16;5;15;18;11,3,1
0Ebn4yfh,2,6,6,2,1;1;3;14;2;4,3,1
01oZYKLf,9,8,5,6,7;21;9;11;6;5;2,3,1
0s5l1ybD,2,2,12,4,7;10;16;14;19;3;5,3,1
0W6kGI8V,4,2,3,4,7;11;9;19;18;8;14,3,1
0OheyPif,9,10,6,1,7;11;9;10;4;18;21,3,1
0cgSxhEO,6,2,12,10,7;15;16;23;20;3;17,3,1
0YdRKua5,8,10,6,3,7;20;24;12;23;13;10,3,1
0UKEvCrr,8,4,10,10,7;15;24;25;9;21;24;1,3,1
0iGyfuhu,8,10,4,1,14;11;4;13;23;20,3,1
0YuYqkz1,11,4,12,10,7;2;13;12;1;9;19,3,1
0WlzkSYF,10,3,7,10,20;4;13;1;24;1;22,3,1
05JIsUWW,3,5,10,3,14;17;6;5;13;20;6;7,3,1
0xXObwC4,10,10,5,1,14;25;16;5;12;18;11,3,1
0fRxI38G,9,2,4,2,20;15;9;25;19;2,3,1
0gXsibG5,7,6,6,3,14;25;24;5;13;12;2,3,1
0Q2xDMl7,3,5,5,10,20;12;16;17;8;19,3,1
0L9tTI0u,11,4,10,3,7;11;1;3;2;12,3,1
0GDW8hKt,10,8,9,6,7;17;24;21;22;25,3,1
0xx7lyEd,3,2,7,8,7;5;6;1;2;25,3,1
0J5MJUVi,6,10,1,1,1;20;15;15;24;10,3,1
0ahupRKW,2,1,5,8,1;10;6;2;15;8,3,1
0Rx5NSeE,6,1,10,10,20;23;9;11;18;7;24;1,3,1
0EM5J4aX,3,10,1,6,14;12;3;15;18;19;3;4,3,1
0Dwhhei1,11,1,4,4,20;10;13;21;2;18;2,3,1
0wmBnR6J,7,2,1,10,7;14;16;8;24;23;18;20,3,1
0kVSs36y,7,4,5,8,7;25;13;17;20;3;14,3,1
0Wjgzw55,2,6,3,4,1;15;23;16;25;21,3,1
0B9k1lYI,2,7,3,1,20;10;16;15;18;15;6;14,3,1
0hqVfLX9,1,1,12,1,1;4;11;24;7;17,3,1
0Xb8aBhN,11,3,3,1,20;19;12;2;24;10,3,1
0lCpzaBZ,10,7,12,3,7;4;16;25;5;3;4,3,1
0T7ttUwU,4,10,9,8,1;21;16;15;17;24;21,3,1
0FinZ8Uu,1,10,10,1,7;19;23;3;15;18;10,3,1
0hOcgPiZ,7,5,5,3,1;17;6;5;15;16;4,3,1
08Hl1G6r,12,4,9,1,7;14;9;4;15;10,3,1
0HIITyjL,4,10,11,6,14;17;16;21;2;18;20,3,1
0YNzM6UR,10,10,5,3,14;1;3;8;25;13;5,3,1
0yEtywUM,12,6,2,4,1;14;9;8;18;15;16;14,3,1
0zdaSIe8,1,4,12,5,7;7;13;4;25;21,3,1
0tINUrpc,8,10,10,4,14;15;21;8;3;4,3,1
0yJelX1Y,8,10,1,1,1;19;16;23;20;21,3,1
0Bch0vdn,6,3,12,4,1;20;13;11;14;7,3,1
0h9l4l3k,1,6,12,4,1;5;7;17;16;10,3,1
0qlDsvPm,7,6,1,3,20;17;9;11;25;3;15,3,1
03MYqUHL,7,4,14,1,7;2;23;9;21;18;17,3,1
09UVWfJt,7,1,2,10,1;1;23;8;16;5,3,1
0bihVXpT,7,1,5,7,14;23;23;24;15;21,3,1
0Ngi2xvp,6,10,10,4,14;4;19;13;1;5,3,1
0zDlmPBX,3,6,12,4,7;23;16;19;21;15,3,1
00bSb2EF,4,5,3,7,14;10;9;23;20;3;21,3,1
0rkrbCmH,4,4,2,3,20;1;6;25;17;5,3,1
0cArgHPK,10,3,5,6,14;2;9;2;12;3;19,3,1
035Lqq3W,2,4,12,9,7;19;10;6;1;12,4,1
0GjbvmZS,8,7,6,3,20;15;13;11;14;16;2,4,1
0Shi7EHm,10,1,9,3,14;15;13;10;19;19,1,1
0ws0bXR6,2,6,12,2,1;23;6;2;24;20;6;10,1,1
07auF1oq,7,1,1,1,14;1;3;4;7;23,1,1
09oajEbo,1,6,12,4,1;15;7;16;7;15,1,1
07Ovtcew,1,4,8,5,1;17;1;13;7;21,1,1
0eWpcWqI,1,4,5,1,7;12;13;5;10;6;17,1,1
047JKPzP,5,3,11,1,1;10;9;7;11;18;7,1,1
0HK3PRk3,9,7,2,3,20;19;9;10;12;18;15,1,1
0TOMM1kd,9,6,4,8,1;17;13;20;16;20;8,1,1
0yrg5taR,12,3,9,1,20;17;16;5;14;3;23,1,1
0MbrzCy0,9,3,5,6,1;21;24;4;12;18;23,1,1
0w4WEcmk,8,9,9,4,7;1;13;12;19;18;2,1,1
0Yj6Hss3,3,1,8,4,20;10;21;13;20;24;19,1,1
0kdQRLV4,5,7,3,2,7;23;13;17;14;18;15,1,1
0x560JMJ,7,6,9,3,14;17;2;15;3;10,1,1
0k1nL8Ne,5,4,8,7,1;20;13;12;23;16;23,1,1
0YapWVef,8,9,2,1,1;5;16;2;11;23,1,1
0bzDjabY,11,6,3,7,14;10;6;2;17;24;15,1,1
0idUAya6,8,1,1,1,20;10;7;9;23;11,1,1
0natiRM5,2,3,3,8,1;20;9;19;7;21,1,1
0hygporf,1,1,10,4,1;7;9;20;11;3;4,1,1
0BVeNX2j,9,7,8,6,20;8;1;6;12;15,1,1
0NdmjTbo,1,4,8,3,20;5;7;23;24;17,1,1
0iREpQCS,4,1,8,7,1;2;2;9;15;18;4,1,1
0fx2DUf3,9,8,6,3,20;2;17;13;5;4,1,1
0pe0atDY,5,1,8,2,20;1;5;9;23;2,1,1
0knT8U0Q,10,3,2,6,14;20;19;14;13;17,1,1
04Fuhkmi,12,1,11,9,14;19;24;22;5;23,1,1
00VNYopp,12,1,10,4,1;14;24;4;10;19,1,1
0zC3Sjfw,11,4,14,3,20;17;9;19;10;12,1,1
0ZWoi7XN,4,8,3,6,7;20;5;6;19;23,1,1
0geekvty,3,3,14,6,20;14;11;6;5;1,1,1
06nI1bP4,7,2,10,8,7;4;9;14;14;2,1,1
0omyzRYs,5,7,8,8,7;2;16;15;9;4;14,1,1
0vFlB6vt,8,4,9,8,20;5;24;8;3;17;17,1,1
05kEbRkx,3,2,8,8,7;11;24;15;15;1,1,1
0TxnnP4s,9,6,5,3,7;15;4;2;21,1,1
0FfAnsPy,4,5,12,3,7;14;19;1;2,1,1
0zlWmIBc,7,4,9,3,20;5;24;14;16;23;11,1,1
0ipsSALO,6,1,12,4,1;10;16;15;7;8,1,1
0njyVy7N,12,6,2,3,14;15;24;1;2;6;4,1,1
00mwW58a,4,3,9,4,20;1;7;13;7;21,1,1
0z7Ch46O,2,6,8,4,14;20;15;13;20;23,1,1
04V7zCy7,7,8,3,1,7;11;9;20;18;23;13;8,1,1
0tynYsqD,7,7,12,4,14;4;10;6;23;24;22,1,1
0qmJf7as,1,7,9,6,14;23;13;12;18;5;3;19,1,1
0YwqVln1,12,1,8,3,14;21;4;16;1;17,1,1
0EJei4yu,5,4,8,1,20;15;5;4;16;22,1,1
0b9cm5PF,11,7,8,1,7;2;3;12;13;4;14,1,1
06JDQBl7,2,1,6,1,14;4;16;22;15;6;1,1,1
0xDTmBAU,12,8,5,9,7;14;16;19;12;21,1,1
0XncXTDq,11,1,3,6,1;20;16;15;21;3;11,1,1
0TAG6i7e,1,2,9,6,7;1;5;9;17;2,1,1
0xgMrtaE,11,2,12,4,14;17;2;24;15;10,1,1
0v3eEIHG,9,1,12,5,1;15;16;11;2;19,1,1
0VmscEUE,4,3,14,1,14;17;13;10;17;6;1,1,1
06AuRkYM,4,1,9,4,14;11;9;2;17;20,1,1
0Nm4bmxt,11,6,10,8,1;12;24;7;4;21,1,1
0uKWhqnn,12,3,4,6,20;17;15;17;16;2,1,1
09xSDiG5,1,1,3,9,1;4;12;3;10;7,1,1
0NyjWNKJ,10,3,4,1,1;17;24;7;8;5,1,1
0dsqcq85,3,5,12,3,14;7;13;12;1;1,1,1
0INzW1Co,12,1,7,4,14;21;19;16;2;20,1,1
0xDhQP4k,12,7,8,4,1;14;4;6;12;17,1,1
0w1lEM3O,4,6,12,6,7;10;6;21;9;17;14,1,1
0h39urmM,7,4,4,5,20;12;5;24;2;19,1,1
0aej4Vvy,7,7,6,4,20;23;2;12;16;1,1,1
0un9noIE,1,7,2,3,7;14;3;4;18;17;13;12,1,1
0xCDqWuD,12,8,2,5,20;1;13;12;21;2,1,1
07jD9SgY,3,1,9,4,1;12;16;21;18;5;16;17,1,1
0daOcflC,4,8,2,6,14;1;15;11;16;14,1,1
0voQmgSi,1,5,12,7,14;12;16;7;24;23;2,1,1
0iyvlGLH,8,6,7,7,1;2;16;21;6;11;16;21,1,1
0zXVEXOR,10,3,2,4,14;5;7;4;13;23,1,1
0fqSpgrM,4,8,3,4,7;17;13;19;10;9;8,1,1
0wmXk8vN,4,4,8,6,1;7;16;2;24;19;22,1,1
0ONUUhaj,3,1,7,6,1;19;16;17;4;11,1,1
0IFFBI10,9,2,6,3,7;1;20;9;5;3;2,1,1
0rAoRBGn,10,1,12,4,1;14;16;14;20;4,1,1
0RTvf5VR,7,4,12,7,1;5;3;15;20;9;10,1,1
0QX68mHW,6,4,4,6,7;5;15;23;6;23,1,1
0ma1nEhx,12,3,10,5,7;20;1;11;9;8,1,1
0FzL9FuE,7,4,9,8,7;14;13;1;4;11,1,1
0Rz0vofJ,12,6,1,1,1;10;3;5;21;20,1,1
0pK4F4ma,9,2,1,4,7;15;2;16;20;10,1,1
0XBK7v2R,2,6,12,2,7;20;9;21;8;18;8,1,1
0DoYeLQ6,7,2,9,4,7;11;14;9;2;14,1,1
0LEypS42,2,4,9,7,20;14;11;9;4;5,1,1
0OUk7Uv5,8,3,12,3,14;20;13;19;8;7,1,1
0bPPg4LF,2,8,9,6,14;1;6;4;4;5,1,1
0O02ALmX,1,8,8,1,7;21;9;10;23;3;8,1,1
0kdQt9nz,6,1,10,2,20;1;19;13;11;20,1,1
0edfDzHM,1,4,5,3,20;21;6;8;20;4,1,1
0Tes3HLR,10,6,9,1,1;2;17;6;11;20,1,1
0bHbTjMi,10,7,6,5,7;21;19;13;11;5,1,1
00r5OtIz,10,6,8,8,7;17;19;3;1;11,1,1
0e9Y9fYP,2,3,5,4,1;20;6;2;7;1,1,1
0iuIYW7S,3,7,11,3,20;12;13;12;10;17,1,1
0yuyRmDN,7,8,5,7,20;2;17;15;16;22,1,1
0sgRnxJS,9,3,5,9,1;17;19;3;8;4,1,1
0G909Zei,1,3,6,4,20;2;21;13;10;16;10,1,1
0LF7K4fA,8,8,7,3,7;2;13;1;19;16;5,1,1
0vuzNSwn,2,7,10,1,7;7;24;14;16;2;2,1,1
04TWx1hQ,4,1,12,7,14;19;15;9;7;20,1,1
0g5PtCFg,3,6,8,3,14;8;3;10;16;19;23,1,1
0JlMl5cd,5,4,9,6,20;21;24;23;16;17;1,1,1
00wzr3u9,12,6,9,4,1;15;24;23;8;1,1,1
0v8Ws3WW,9,3,10,7,14;12;11;24;10;2,1,1
0iQY9y39,9,3,10,8,1;8;16;20;21;13;14,1,1
0IPHHxMh,8,4,2,7,20;1;13;2;18;11;24;5,1,1
0zxvONUS,9,5,4,3,7;23;6;11;14;2,1,1
0aDLWlgv,3,6,2,1,1;17;9;7;13;7;2,1,1
0aaaxoUg,6,6,10,1,14;19;16;7;2;24;5,1,1
0Fw2ZCZ3,10,6,14,1,14;10;6;1;7;15,1,1
0UNAmm63,12,3,7,1,7;8;3;19;6;17;12,1,1
0uIH80Bz,10,6,6,2,1;11;23;20;9;12,1,1
0pKxU0a1,5,4,9,6,7;8;2;6;5;24;21,1,1
0cmMUF3q,12,4,5,6,7;21;24;2;14;1,1,1
0xBWGYbH,10,3,7,4,1;4;6;12;18;7;6;23,1,1
09ysh2b1,7,1,10,7,14;10;9;23;11;6;7,1,1
05MGnGKO,3,4,11,2,7;14;13;7;3;7;17,1,1
0OXlkrKk,2,1,6,8,1;12;15;3;4;21,1,1
0JMhyyNl,6,1,12,3,1;17;6;14;2;18;19,1,1
0TH38OWl,11,4,14,8,1;14;24;10;22;23,1,1
03nWYuhc,4,6,12,8,7;10;9;19;5;21,1,1
0cEI5ykf,10,8,5,1,7;19;9;11;21;24;10,1,1
0h5UwpfJ,4,6,1,2,1;19;20;15;3;21,1,1
0hBgS6GY,3,2,6,6,7;17;11;9;20;19,1,1
0qZxS2WW,5,3,9,3,7;2;13;4;5;11,1,1
0qjo3Yzb,11,4,4,6,20;12;9;1;6;19;11,1,1
0rqn6agS,6,9,5,8,14;10;3;1;4;5,1,1
02AZaOHw,3,8,6,4,14;12;16;2;19;6;23,1,1
0wg1WUvw,1,1,6,4,14;8;10;1;16;22,1,1
0HOqlakj,7,6,6,2,14;11;6;11;8;24;5,1,1
00jRUyQe,3,4,5,1,20;21;17;8;6;7,1,1
0lgrqdPg,11,7,6,6,14;2;24;12;19;16;17,1,1
02oHOrZU,2,6,8,9,14;8;9;21;3;20;11,1,1
05v8l22M,9,3,7,6,14;5;13;20;17;21,1,1
0JBzHtZt,7,1,6,3,20;15;24;17;13;11;5,1,1
04FBuxaY,3,1,6,3,1;21;13;14;10;12,1,1
0PaJzt9A,9,8,7,6,14;10;13;12;3;20;17,1,1
0WS8Vjzp,2,6,12,2,14;19;13;23;6;7;12,1,1
02b4EQEC,7,4,12,1,20;5;11;7;6;15,1,1
0qOTQYNB,3,6,12,7,1;7;9;21;23;4,1,1
09gc0Bws,2,6,12,1,14;4;6;7;10;3;12,1,1
0LbarZuz,4,3,14,7,1;12;11;6;19;14,1,1
0GDNBNqB,6,4,14,7,1;15;6;21;12;24;7,1,1
0QunBF79,9,6,4,3,1;12;16;23;11;19,1,1
0K17HsZJ,12,8,10,4,14;11;2;3;19;4,1,1
0aY06XgA,12,6,4,1,1;20;10;16;19;24;15,1,1
0h3VRKfr,7,6,3,7,14;4;3;17;5;21,1,1
0EJew7mw,12,3,6,5,7;8;6;14;13;15;19,1,1
0m1lEN3c,6,1,8,3,20;11;3;10;13;17;12,1,1
0XIpeMEz,6,1,9,6,20;8;4;9;21;3;1,1,1
02KB6swg,3,1,12,6,20;5;24;14;23;2,1,1
0QzRDLcO,12,1,10,2,1;4;21;13;10;19,1,1
0T3dWIfg,7,4,4,8,20;8;16;22;21;2,1,1
0O2NFh71,7,9,10,1,14;2;21;3;10;24;17,1,1
0B6kG4mX,5,1,9,5,1;1;16;23;19;24;11,1,1
0rwmyHkR,11,3,5,1,14;15;3;17;11;12,1,1
0o9z0FcM,1,2,6,7,20;19;13;14;17;18;15,1,1
0g4ovGWT,4,6,12,3,14;23;15;6;20;4,1,1
0vJBPdY3,1,8,6,4,1;21;9;17;10;23,1,1
0syVKOlC,9,6,1,7,7;4;20;24;21;15,1,1
07jpCLK6,4,4,9,4,20;5;11;13;7;9;17,1,1
0SyLazon,10,4,11,6,20;14;6;23;2;23,1,1
0glLVC9u,11,3,10,8,20;7;24;5;7;10,1,1
0lOieYlC,7,2,12,6,7;17;1;11;21,1,1
02nHWQH6,11,9,10,1,14;20;6;8;16;2;23,1,1
0PCzOKiZ,3,8,10,7,7;23;7;16;2;6;21,1,1
0SuHQN9h,6,1,1,6,7;2;13;20;19;11,1,1
0RL9F4lX,1,1,8,2,1;12;16;7;2;18;21,1,1
0EnKw3t5,12,1,6,6,1;5;9;7;19;4,1,1
0dG1BYZh,5,2,14,5,7;15;17;6;21;9;1,1,1
0JIF1O1V,3,6,9,2,7;2;9;11;14;3;12,1,1
0aZyTCMQ,4,6,6,6,14;10;12;13;17;1,1,1
02u4i8ZY,7,5,4,5,7;1;3;21;6;1;12,1,1
06nI4FYf,3,6,14,6,1;14;13;21;18;2;24;20,1,1
0JO17Stu,8,3,7,8,20;2;10;4;24;14,1,1
0S1nj6Em,8,7,7,5,7;2;19;16;17;12,1,1
0Oa7suLy,7,6,6,1,7;10;19;16;1;17,1,1
0G9AJPWT,2,4,7,3,1;2;24;7;13;19;8,1,1
0G3XVhTM,8,1,4,6,1;8;16;19;17;14,1,1
08SmSDNG,10,1,8,6,1;17;8;16;12;2,1,1
0nOb9vVA,8,4,4,3,1;4;3;20;7;18;15,1,1
0EubELIC,2,1,3,6,1;21;13;23;16;11;18;7,1,1
0FB0LQl3,5,4,9,1,20;1;20;16;8;2,1,1
0xBHsb8j,5,6,14,3,14;10;4;6;17;9;11,1,1
03qLYpjn,9,3,6,6,1;10;24;8;4;14,1,1
0i0H1dUG,2,6,9,4,7;17;9;20;14;12,1,1
0XbeGRTw,12,3,14,5,1;12;16;21;9;23;10,1,1
0lYhxLXy,6,3,14,2,1;11;6;10;17;17,1,1
0M3vQcDV,2,3,8,1,7;11;3;1;9;14;5,1,1
0CyfwILu,1,9,9,4,1;4;8;24;7;6;1,1,1
0eFREqgJ,1,4,3,2,20;10;9;2;6;7;15,1,1
0nMWLC50,6,3,10,1,20;10;6;2;12;21,1,1
0Btwp9Pi,7,8,14,6,14;19;2;3;1;23,1,1
0hkPoz2u,1,2,4,7,7;15;15;13;4;9;21,1,1
0MjJUzwl,9,4,7,8,20;20;9;21;7;18;2,1,1
0N3cW6as,6,6,2,4,14;20;24;5;11;2,1,1
0TspQ51e,1,4,10,3,7;17;3;17;20;18;21,1,1
04jqE4H2,7,6,10,1,14;2;20;9;11;12,1,1
0RPeDiHv,4,5,14,3,14;23;24;15;13;2;17,1,1
09FCaqhY,10,6,7,8,14;4;8;9;5;17,1,1
0NwgtgOg,2,6,4,1,14;7;5;16;12;4,1,1
0vXzO7Sf,4,9,11,2,14;19;3;12;23;15,1,1
07M5y2rE,5,9,9,3,1;17;16;15;21;23,1,1
0GAdzUad,10,4,5,6,7;21;24;19;20;1,1,1
0Fj1YN9M,8,1,4,4,20;21;16;4;2;9;2,1,1
0oExOaJp,1,7,6,3,7;5;11;6;21;19,1,1
0fqDtuyY,11,8,7,7,14;4;24;11;13;2;10,1,1
0Y0fEw5J,4,1,11,4,1;5;12;3;17;19,1,1
0PoBwBhL,4,6,9,5,1;21;19;7;6;23,1,1
0wFpDo3Y,12,1,2,1,1;2;17;9;19;7,1,1
0emSGaee,9,3,12,1,20;11;24;20;23;3;1,1,1
0hjJ8mRD,9,3,12,4,14;7;12;3;12;18;1,1,1
0zMDFcOB,2,1,1,4,20;11;16;14;4;10,1,1
0JL5Esb0,8,3,2,7,1;15;9;11;18;20;3;5,1,1
03k7BDAI,4,5,9,1,14;15;10;13;19;2,1,1
0lTZoU80,3,4,8,6,7;19;14;16;20;3;5,1,1
0WiYynM1,9,4,12,6,7;2;24;17;8;22,1,1
0EvCHmG2,7,8,2,3,20;2;9;7;5;3;10,1,1
0k0126uZ,2,4,8,9,20;17;24;5;11;6;7,1,1
01Zss4D6,2,4,6,1,20;10;16;14;4;6;15,1,1
07UlJEY3,7,1,3,4,14;5;1;6;23;3;8,1,1
0410qAT1,8,7,4,4,7;17;9;15;10;6;23,1,1
029UoE9m,3,1,7,3,14;17;1;6;12;24;10,1,1
0cvmuEal,10,4,4,7,7;5;15;6;19;9;1,1,1
0GS3igRD,2,6,9,4,14;8;10;24;4;2,1,1
0lMIS4xx,11,4,12,3,20;23;2;6;11;21,1,1
0LikaC9o,6,4,7,6,20;10;3;23;9;7;3;12,1,1
0fXSKapP,2,6,9,3,14;15;3;17;10;20,1,1
0CIjNBzI,7,3,6,6,1;14;6;10;23;16;19,1,1
0ac8uZew,6,3,12,2,20;19;2;6;11;18;7,1,1
0cJIQ3dR,6,6,2,3,14;8;5;24;23;19,1,1
0l95sqkQ,12,7,11,1,7;23;2;10;13;4,1,1
0mGMyVfm,5,8,8,4,20;23;16;22;24;17;2,1,1
0YNnNAiS,6,9,5,1,14;19;6;4;12;8,1,1
035Mov33,5,7,8,6,14;20;3;2;5;11,1,1
0kmGa9GB,4,6,14,7,7;5;3;21;14;18;17,1,1
0LK0GHqD,9,2,3,1,20;12;5;24;1;23,1,1
0aVA4zpm,10,4,7,1,20;21;19;3;11;24;23,1,1
0dqagvVQ,11,3,3,2,20;7;10;3;12;23,1,1
0o2nq6dc,11,5,14,4,14;8;17;24;12;23,1,1
0DusZT8z,11,8,5,1,7;14;13;2;18;15;24;1,1,1
0k9AIJDB,2,7,7,3,7;15;3;14;6;5;8,1,1
06oHBwg6,11,6,8,8,14;2;24;12;22;9;7,1,1
0REyIxvj,7,2,5,4,7;10;13;17;15;11,1,1
0NkyC1ZL,6,5,8,2,1;17;24;7;10;6;14,1,1
0Y1iFUv6,2,6,10,4,1;2;20;24;22;7,1,1
0dtOetM6,12,7,10,4,14;14;6;7;19;18;5,1,1
0pn1KPoU,6,1,7,6,20;7;19;24;12;14,1,1
07qRDJcC,3,1,10,4,1;14;10;13;12;4,1,1
0O4oGgv6,7,4,11,2,20;1;14;6;21;9;7,1,1
0WrbL2wV,1,5,3,4,1;4;9;2;18;7;13;17,1,1
0grGEAQA,1,5,5,8,14;24;15;17;23;5,1,1
02N1Mr2V,4,8,8,4,7;4;15;4;6;21,1,1
0TfRFN9u,8,4,6,8,1;2;3;15;18;20;24;14,1,1
0LJLotjy,3,1,4,3,20;23;17;3;4;9;15,1,1
09lfz7HP,2,4,14,3,20;17;13;23;2;21,1,1
0IHtCKli,4,4,9,3,20;10;2;24;23;16;2,1,1
0W5rfQxj,1,3,10,6,20;4;23;19;13;12,1,1
0GNPyIyF,12,3,11,8,1;15;24;8;9;19;24;15,1,1
0WZHKUCQ,9,8,8,6,20;4;11;21;16;21,1,1
0djQQROn,2,8,4,7,20;12;9;10;5;2,1,1
09MG43Ek,7,8,3,4,20;5;4;9;19;5,1,1
07qH50ov,9,6,12,5,1;7;2;9;11;14,1,1
09xPCFvg,8,2,3,3,20;21;8;15;13;21,1,1
0W1MM7l0,2,3,6,2,1;8;9;11;7;2,1,1
0eXbvyR7,1,6,9,1,1;12;14;1;9;15,1,1
0DaTl357,2,5,3,2,1;4;16;19;13;21;16;19,1,1
0ZLPDRCX,3,1,2,3,1;15;3;1;24;22;23,1,1
0KZINa76,6,3,5,4,1;14;14;13;2;10,1,1
0UXkBCqH,7,8,5,5,7;23;13;4;9;10;20,1,1
0RwOjp2o,1,6,6,4,14;21;9;14;23;8,1,1
03i2vXuG,12,9,4,5,14;21;7;15;6;12,1,1
0arocREU,11,4,8,5,20;1;9;19;5;13;15,1,1
0D3JDU8X,9,6,12,4,1;17;7;3;12;1,1,1
0P4zg1FM,12,6,14,3,20;15;2;6;2;9;8,1,1
0MB2SfsS,4,4,14,2,1;15;17;15;16;2,1,1
0TUqk29t,9,3,12,6,14;11;8;16;8;9;15,1,1
09BOkUDu,12,3,4,2,7;12;21;13;19;1,1,1
0ZJrE1gJ,11,1,8,7,14;23;15;24;1;19,1,1
0ZlZz2gK,3,6,4,4,1;15;13;7;19;9;14,1,1
0F84WGUX,12,4,6,1,7;2;9;17;21;14,1,1
0UouJNcC,1,3,6,4,20;1;24;1;9;2;21,1,1
03Yrs5SU,6,6,4,3,14;20;13;8;1;12,1,1
0fvadNaJ,2,3,5,1,1;21;16;20;3;2;16;17,1,1
0SogSB0g,6,4,12,8,20;21;6;4;24;17;5,1,1
0bKWfQvq,6,2,3,4,14;19;12;16;4;5,1,1
0K4CyE32,7,1,5,3,14;14;9;11;16;17;22,1,1
0KseVJ2x,6,5,1,1,14;1;24;2;6;8;24;4,1,1
0YRWM304,9,6,10,6,1;21;24;22;1;5,1,1
0nrZkE6c,9,4,3,3,7;15;20;24;17;18;21,1,1
0nzb3AYl,3,8,8,6,7;10;9;2;1;18;15,1,1
0Rd7h1ZM,8,6,10,4,1;2;17;4;9;7,1,1
0zHGHG1j,1,3,9,1,14;10;21;6;23;9;17,1,1
0YbHtypv,1,1,10,3,1;8;3;23;4;14,1,1
0CAsiVFs,12,4,10,5,7;14;3;8;6;11;21,1,1
0nsIol9s,10,1,8,7,14;10;4;9;19;1,1,1
04d8vzN1,1,6,6,4,1;4;8;6;12;21,1,1
0UEs1O8B,10,1,6,8,20;10;24;4;16;21;5,1,1
0VW1cuZB,9,4,4,6,1;19;6;7;18;23;15,1,1
0mzYiXvQ,12,9,11,4,1;8;2;13;17;7,1,1
06N7OoJW,9,9,6,7,14;19;9;7;5;1,1,1
0UrNN00Q,3,4,1,6,7;19;9;1;5;17,1,1
08lisIxN,8,6,2,7,14;19;2;5;3;7,1,1
0DaNBOr2,3,2,4,3,14;17;10;24;19;7,1,1
03QijBy5,8,4,4,5,20;2;13;1;16;19;5,1,1
0Ur7doEi,8,4,3,7,20;10;14;9;8;2,1,1
0O4bB7eL,4,1,14,8,1;2;6;21;23;8,1,1
0xFztE8i,6,3,8,1,14;7;1;2;6;21,1,1
0TetiLsT,5,1,9,3,1;2;3;14;23;5,1,1
0Rdfppa0,7,6,11,4,14;7;15;9;2;24;19,1,1
0IgHlCPt,3,4,11,6,20;15;19;8;9;12,1,1
0S1GNHqe,9,9,10,4,1;10;19;13;2;14,1,1
0RKu5oNT,10,3,6,7,1;21;3;17;2;9;12,1,1
0xBOBHlP,3,8,12,1,20;11;24;4;20;3;19,1,1
040Hshbs,10,9,2,2,14;15;12;9;1;8,1,1
0EOlZZMR,4,3,8,8,1;21;9;2;10;24;19,1,1
0SszCif7,2,1,10,5,1;4;24;23;2;11,1,1
0nYQjQZI,4,6,6,4,14;1;3;12;7;8,1,1
03Rju4d2,1,4,2,5,20;21;19;9;14;4,1,1
08ZLpbYK,3,3,11,1,1;15;15;9;14;24;22,1,1
0vggQZHy,7,1,2,6,14;7;14;13;4;3;15,1,1
0uMFUiGd,12,4,1,9,20;1;9;14;7;3;8,1,1
0LSQ9gU1,5,3,3,8,20;17;6;1;14;3;11,1,1
0t2Wnw0C,6,1,12,3,1;7;6;14;17;15,1,1
0wgrRXd0,6,6,1,3,1;8;9;21;10;12,1,1
0qgjWrYz,1,3,7,2,1;7;24;5;17;3;2,1,1
0ECfu1AK,1,5,9,3,1;17;2;9;12;21,1,1
06fRdbkm,8,3,3,1,1;15;9;4;11;16;20,1,1
0qg6z9Iy,6,7,11,3,14;11;16;2;1;19,1,1
0Dgyz6z7,8,6,14,3,14;14;24;17;15;19,1,1
0WQnlix7,8,3,7,4,20;2;6;5;11;18;23,1,1
0Ca317Ka,11,3,2,7,1;19;16;23;3;19;7,1,1
0w9lmQZK,7,6,3,7,14;19;4;24;11;22,1,1
0rWUNC2o,4,7,8,1,7;2;24;22;9;10;17,1,1
0pdIZvtS,8,6,7,2,7;11;6;1;4;23,1,1
0bwua9wt,4,8,11,4,14;21;16;19;10;11,1,1
0OHROehA,2,3,3,2,1;19;8;6;21;18;12,1,1
06OTXIZe,2,1,11,9,1;19;7;13;15;3;8,1,1
0iQsd0qF,12,6,7,2,1;2;20;16;15;23,1,1
0yL9OJul,1,9,6,2,14;1;3;8;6;7;12,1,1
0skVpHDE,1,3,4,6,7;14;12;6;1;12,1,1
0mzKTj1S,3,1,12,6,1;19;16;20;6;2;16;12,1,1
0rE8MXjx,4,3,1,6,7;14;6;21;16;2;1,1,1
0zYYbCzj,7,6,10,1,14;2;24;5;17;10,1,1
0ColbHft,6,1,11,7,14;23;8;21;6;12,1,1
0vGVRbKQ,1,8,4,4,7;4;3;21;21;13;8,1,1
0gTHgyxf,2,3,5,4,1;10;8;3;14;11,1,1
03r83c8B,1,2,12,3,14;8;24;17;16;1;10,1,1
0gTZvpWv,2,4,4,6,7;5;13;8;20;18;14,1,1
0H6fnUM8,7,2,5,6,20;15;6;10;7;16;17,1,1
0KCt5rPI,11,3,4,6,20;15;12;4;13;17,1,1
07qbXk7p,6,6,7,3,1;2;12;6;10;15,1,1
0t6xXRLU,1,4,9,7,20;23;24;17;3;11;24;10,1,1
0xvpiGvA,2,7,10,5,20;19;16;10;12;24;23,1,1
06CszAcz,1,4,4,2,20;15;13;19;7;14,1,1
017BN9Mf,3,5,7,1,7;1;5;9;20;21,1,1
0jmbzB3e,4,8,11,3,7;4;11;24;15;9;2,1,1
0YpBtJsH,4,9,9,7,14;5;3;10;24;21;21,1,1
0o3LANpL,1,3,2,2,20;15;11;24;19;2,1,1
0PkjVKA1,5,1,11,8,1;4;24;15;9;2;7,1,1
0s3zo44n,11,6,12,4,14;1;13;4;2;12,1,1
0iQ1rmTc,11,8,12,1,20;2;24;8;17;22,1,1
0uWLKwY8,1,3,8,6,1;20;24;19;12;7,1,1
0oGTQgbC,8,3,14,2,14;10;15;13;1;19,1,1
0zCm44SD,11,3,7,7,20;15;8;13;21;19,1,1
0u2Gruud,5,3,1,5,20;19;3;11;12;6;21,1,1
09EtzZbL,6,3,12,1,20;2;17;13;23;6;11,1,1
0NFxsZMp,12,1,10,2,1;11;24;2;12;9;15,1,1
0KYSijKv,10,4,11,6,20;3;12;4;6;4;1,1,1
0D2sNgqc,1,6,8,1,14;11;16;1;24;14;8,1,1
0ufaarmh,2,3,5,8,1;19;9;19;21;4,1,1
0YupFKOn,7,1,10,4,1;15;2;21;16;10,1,1
0sEeGqy3,8,3,14,1,1;8;3;19;16;22;20,1,1
0EMTxluT,10,3,14,4,14;5;21;24;15;2,1,1
0E03XYWQ,9,8,2,7,7;8;12;16;15;13;20,1,1
0gxYLkjG,11,1,6,4,14;8;19;6;20;4,1,1
0w4yrzeQ,9,1,4,4,1;5;15;6;20;16;19,1,1
0I9yo8mo,11,4,3,2,1;8;13;10;21;11,1,1
0cC4JIef,2,4,12,1,20;17;12;11;13;8,1,1
0dNV5Eea,1,4,8,5,7;14;19;4;24;20,1,1
0vDaIojy,2,7,9,6,7;23;8;6;2;20,1,1
0g1c1oeC,11,4,8,4,20;5;16;10;3;4;2,1,1
0dfx1s1d,9,6,8,1,7;20;24;1;13;11;4,1,1
0GQLl50g,2,4,14,8,20;8;12;13;20;4,1,1
0p3oUkHK,10,1,3,3,14;11;6;20;16;10;22,1,1
0D9uR0j8,8,1,14,6,14;4;16;1;2;7,1,1
0P0z9jsA,11,4,2,8,20;14;19;3;15;4,1,1
08S70WuS,11,3,10,4,14;1;24;21;4;17,1,1
0Ro1TZuW,8,4,5,6,20;17;1;6;17;13;7,1,1
0PE1ApbD,10,2,14,7,14;4;5;3;5;2,1,1
0aRHzoKF,6,6,12,4,14;8;24;21;19;23,1,1
0xg1qtv5,12,2,10,3,14;12;16;1;2;22,1,1
0PZHPGtO,7,6,9,8,14;1;3;21;4;24;15,1,1
0vSEmW7h,1,1,7,5,14;11;21;13;7;17,1,1
0HWZcuLa,12,3,3,5,20;21;23;3;5;13;7,1,1
0rLO7nYO,6,8,10,5,20;10;24;20;21;1,1,1
0iZ98hSd,10,6,6,6,14;5;3;17;16;22;10,1,1
0ZmGnnz2,7,6,12,1,1;23;13;8;19;24;7,1,1
0TmSPtcX,8,8,9,6,1;20;13;8;18;15;13;5,1,1
05PyFP2j,7,6,5,3,7;10;1;13;8;15,1,1
0JXg8URt,2,1,8,4,14;17;6;11;13;2;6;1,1,1
0ekh4mwm,2,5,9,1,1;5;4;16;20;21,1,1
0hqDZ0m8,3,3,5,4,14;12;4;6;21;2,1,1
0qYX2a2l,7,3,2,1,1;11;4;3;10;4,1,1
0pfOCJKi,4,7,1,6,7;14;5;3;23;18;21,1,1
0JXXdfBl,10,3,12,9,1;5;17;16;23;2,1,1
08eEsajO,9,6,3,4,14;23;3;15;12;19,1,1
0YSXFmSm,3,4,4,3,7;15;16;14;20;23,1,1
09FfPBMa,12,5,3,4,1;20;17;13;10;14,1,1
0BbS4KHL,4,6,12,5,14;4;9;15;12;20,1,1
02zY2wqU,8,1,4,7,1;23;17;3;12;10,1,1
0CWS9i4m,10,6,9,4,14;2;10;13;1;4,1,1
0KeFPuGO,9,6,8,1,20;8;3;5;24;7;3;23,1,1
0CYwX9Im,10,6,9,5,7;17;10;21;5,1,1
0nMLxjw2,6,3,3,4,1;17;14;16;4;7,1,1
0WomWRre,6,2,5,6,7;1;9;2;11;13;17,1,1
0U24Pw9S,6,2,9,6,20;4;15;1;24;17,1,1
0ZUzzyoP,3,4,2,2,20;17;24;14;12;9;21,1,1
0pn1iuww,6,1,7,6,20;10;5;9;12;7,1,1
0pKGZ2H2,6,6,9,5,1;12;20;21;24;22,1,1
05sV8jSH,6,1,12,3,1;10;17;13;12;19,1,1
0Dntj7Xb,10,3,9,7,20;15;24;17;14;7,1,1
01DzEJw8,9,8,8,3,7;12;3;20;11;24;22,1,1
0VxG85Pn,8,9,6,1,14;14;9;15;6;21;10,1,1
0LRJM5yw,6,1,7,6,1;23;14;5;16;22,1,1
0kdS6fFe,12,1,7,3,20;5;17;2;24;8,1,1
0N9HMtjD,12,3,10,6,1;5;16;4;8;18;21,1,1
0LH4MUW4,3,1,9,6,14;11;24;22;19;13;7,1,1
0iKk6vca,9,8,6,2,14;5;13;8;17;4,1,1
0k8lY5Um,1,6,10,4,14;15;3;10;15;7,1,1
0GOmotwX,4,3,6,6,20;14;1;3;2;5,1,1
0uqxiVbt,4,6,2,3,1;7;11;3;2;11,1,1
0JmHZWEH,9,1,14,2,14;12;9;21;18;15;24;4,1,1
0vyfvA3d,7,1,14,6,14;20;24;1;13;7;24;11,1,1
0PLSkX9w,3,3,6,9,7;20;9;5;16;17;11,1,1
0pcenSd7,9,1,4,6,1;11;3;20;12;19,1,1
03EKRnkf,8,8,6,6,20;5;6;21;4;11,1,1
0NuIwWQX,4,3,2,2,20;15;3;17;21;13;5,1,1
0BeaWiV8,9,3,7,7,20;10;19;4;6;7,1,1
0KO0e8xk,2,3,4,1,20;23;6;17;10;24;22,1,1
0Hy3FOgO,12,6,11,4,7;1;13;10;3;15;5,1,1
0lA8x540,9,4,3,3,20;17;3;14;21;12,1,1
05qdoOEf,12,6,6,2,7;7;9;11;1;16;5,1,1
0kXN382q,3,8,1,4,14;11;13;5;23;16;1,1,1
0ZcFJwEb,9,1,8,1,1;12;2;13;21;11,1,1
0rmPoPaG,3,2,6,7,14;11;8;13;19;14,1,1
0UACd91r,12,7,2,3,14;23;19;23;17,1,1
0oM3Joik,2,4,14,1,20;17;9;11;14;13;8,1,1
09SWB5dA,1,2,4,3,7;5;24;10;1;23,1,1
0Zy8LbBm,3,3,11,6,1;17;8;6;17;9;11,1,1
0DvqKzlM,12,8,6,4,7;20;5;24;11;17,1,1
04VIDVvp,2,8,5,2,20;12;11;5;13;15,1,1
0NOSBbff,8,6,4,4,14;8;19;3;15;1,1,1
0NuIH2IH,5,6,11,2,1;5;4;6;2;16;7,1,1
0MVkhawS,1,3,2,5,1;2;16;14;13;15;12,1,1
0LA0vHwW,3,8,12,1,7;5;13;4;20;8,1,1
0ike37ID,10,4,9,3,20;19;3;15;11;6;5,1,1
0Poocida,12,9,8,3,14;4;16;11;7;17,1,1
0CVGrw10,7,3,2,9,20;10;8;9;2;8,1,1
0gAi4NSs,6,6,10,5,7;8;24;5;3;17;14,1,1
0qdGDBT3,6,1,8,4,1;15;3;7;23;9;19,1,1
0l0CC9Oo,6,1,2,4,20;4;1;16;22;5,1,1
0wV2BO6b,1,7,4,4,14;8;16;19;7;23,1,1
05RwWpYt,2,6,6,7,14;12;24;23;3;11;18;4,1,1
08Ge2iVN,2,1,3,3,1;8;24;5;15;17,1,1
0fy4rdRm,3,7,10,6,14;23;16;4;21;12,1,1
0cRbjQzO,12,1,10,6,1;21;3;8;8;4,1,1
0xdBqVvD,9,8,5,2,20;4;6;12;18;20;21,1,1
0HavrmpZ,12,5,3,6,1;21;19;9;10;12,1,1
0lFPBQPg,4,6,3,4,14;12;19;8;6;1,1,1
0eZcgzZp,6,6,3,4,7;10;21;13;7;24;17,1,1
0XIZtIA0,2,5,12,6,14;4;13;2;11;10,1,1
0CMcTYq8,12,5,9,3,14;19;23;7;16;5,1,1
02DSAr8p,4,6,10,3,7;15;6;12;11;19,1,1
0hHTUM8u,1,2,9,6,14;8;19;11;5,1,1
0g63mADk,2,6,3,7,14;15;1;20;9;17,1,1
061JyWOz,9,5,3,3,1;14;9;11;8;19,1,1
0pwSdpY5,9,1,12,6,1;4;23;24;19;20,1,1
0Au63WJq,7,2,5,4,20;19;13;4;6;10;2,1,1
0r1wWtUX,1,8,5,1,14;10;11;6;10;19,1,1
0cfNeZoM,11,7,10,6,7;8;6;17;9;11;6;12,1,1
0w2aOfAc,3,4,1,6,1;11;4;6;12;2,1,1
09Q9bAho,7,3,5,6,20;23;8;1;3;11,1,1
0EaVKKZi,4,8,6,3,7;8;21;15;9;1,1,1
0M2ksnBQ,11,8,5,3,20;2;8;21;14,1,1
0HaPlxLM,10,9,3,1,14;21;24;12;20;18;10,1,1
0LPhbwnN,3,6,7,5,14;19;6;4;16;12;22,1,1
0BGfPWI0,6,5,11,2,14;5;6;15;7;8,1,1
0trRBfhM,5,3,11,6,1;8;6;23;17;3;15,1,1
0iyFOOWH,6,2,11,1,14;20;16;11;9;2;7,1,1
07nX4TIz,3,6,4,3,14;21;16;7;21;13;19,1,1
0SFnnXvS,5,6,3,8,1;5;11;3;15;16;2,1,1
0085tk7t,12,7,2,1,20;4;17;24;1;13;2,1,1
0WLzAeqR,7,1,6,7,1;11;17;9;14;13;19,1,1
01Hhqaai,4,8,12,4,7;4;6;11;16;17;12,1,1
0DLmWcCj,4,4,7,6,1;4;16;5;15;6;4,1,1
0kS3DhIM,12,9,7,6,14;10;24;21;5;16;23,1,1
0LoZOP1S,4,1,9,2,20;17;5;14;4,1,1
0iXnpxlp,9,1,6,2,1;8;3;21;4;5,1,1
0XYPgJc3,7,4,10,8,1;7;21;24;20;12,1,1
0Ev4AbO5,8,4,5,6,20;11;24;15;18;21;14,1,1
0Yuc9KkA,2,7,10,1,7;5;13;17;14;5,1,1
0uZ96Roh,11,5,3,4,14;1;2;13;10;16;21,1,1
0UI8NTh0,3,5,14,3,14;5;15;16;14;19,1,1
0b6q6zic,9,1,12,5,1;23;6;2;13;17;21,1,1
0yhcQ3rW,8,2,6,3,7;5;15;23;24;5,1,1
0LB8EW8r,10,2,2,1,20;5;8;13;2;23,1,1
0GF5XMcY,3,1,11,6,20;4;9;12;7;3;23,1,1
08pt2p1F,8,3,6,2,1;2;14;3;4;1,1,1
0YIaZptv,3,1,6,6,1;17;3;12;15;1,1,1
0aydAqil,6,6,8,7,7;20;7;6;10;15,1,1
0twPEYE7,4,4,8,8,20;21;7;6;20;5,1,1
0slkGnDV,10,2,2,1,20;11;15;3;19;8,1,1
0y907BKe,9,3,2,6,20;12;9;14;6;21;23,1,1
0s9sxdlJ,4,8,12,6,14;10;16;12;5;6;2,1,1
0XjFHWis,6,1,5,4,14;4;7;16;17;20,1,1
0EOxWXo0,2,1,4,4,14;2;4;11;9;8,1,1
070MnHmF,2,1,10,4,14;15;21;5;13;1,1,1
0vfc0qMq,9,5,6,8,14;15;9;11;16;23;5,1,1
0MU1p514,12,2,2,3,7;12;19;9;21;8,1,1
03nWu3Zg,9,4,5,3,7;17;16;2;13;2;16;19,1,1
08AfUyR1,8,4,12,8,20;17;15;20;24;22,1,1
0ufR5UxE,8,5,6,1,1;12;6;15;10;7,1,1
0ExXx0Lf,7,3,11,6,7;5;9;12;16;8;2,1,1
0FwKfnG2,2,1,7,1,7;20;11;14;6;19,1,1
0M2VECvA,4,1,1,2,1;21;4;16;15;11,1,1
0dybGbw2,4,3,2,3,1;15;6;23;5;21,1,1
0Z1b5ewW,6,6,12,9,7;8;14;3;5;11,1,1
0VLjOiG5,6,1,2,4,1;17;6;2;24;14;7,1,1
0yqVVbUc,6,7,3,8,7;4;13;17;1;18;23,1,1
0LdAu8uA,12,6,2,3,7;20;8;9;11;17,1,1
0Lz1vKUQ,9,2,6,9,20;21;13;11;7;17,1,1
0UkB2rSc,8,7,5,2,7;12;5;16;17;22,1,1
0cd7hqgY,3,2,6,1,7;14;20;2;9;2,1,1
03h2Hnj6,9,4,4,3,7;1;9;21;3;2;11,1,1
0hVRnlCD,12,6,10,8,1;10;15;24;12;13;23,1,1
0q4nLdXP,2,1,1,6,20;12;10;9;19;15,1,1
0Jn19Fui,7,6,5,1,1;21;2;10;1,1,1
0cukaJNj,9,9,6,7,14;7;9;10;1;4,1,1
0ZevYGgC,10,6,9,2,1;14;11;3;19;24;4,1,1
0k01OSyd,2,9,5,2,14;15;13;1;4;2,1,1
05LCzUCM,6,1,2,3,14;12;16;11;20;7,1,1
0rH6TNBI,10,10,4,10,7;1;9;25;12;21,4,1
0onHsspY,12,2,1,4,14;20;16;2;1;4,4,1
0wxDB06A,7,2,3,5,20;1;16;23;10;20,4,1
0thi2fSz,4,6,8,2,20;15;10;24;11;1,4,1
0VEVQomL,1,2,4,6,20;14;16;5;4;13;15,4,1
0y5KLy42,10,8,2,3,14;25;10;3;1;4,4,1
0BsSYeBU,5,4,9,9,14;15;23;1;2,4,1
0MQ5L4q0,1,1,9,10,1;14;15;8;24;2,4,1
0T2TNBgT,5,4,14,6,20;19;14;9;8;2,4,1
0wjlqHju,7,1,2,6,14;20;16;22;14;25,4,1
0AvWqs93,1,2,9,6,14;25;19;4;6;12,4,1
0f03VKMS,4,6,7,1,1;12;24;20;9;15;7,4,1
0C2sMG3h,10,1,11,10,14;20;21;20;16;17,4,1
0H6rQcDl,2,3,10,6,14;21;3;25;8;6;10,4,1
0QDfa0xP,9,10,4,8,1;23;16;5;11;18;10,4,1
0DPOpHEo,2,10,10,8,1;2;16;23;14;9;12,4,1
05dQ7jfD,7,6,2,4,1;17;4;3;15;7,4,1
0yTHQnOR,10,3,12,9,20;1;24;8;20;16;4,4,1
0PfNwZvo,3,5,1,3,20;20;6;12;18;21;14,4,1
0QsTqxqL,12,4,1,1,7;4;24;2;19;19,4,1
0aHqZYQn,6,7,3,8,20;19;16;4;23;9;1,4,1
0cgwZtoS,9,10,5,9,7;14;12;6;15;10,4,1
0wOABdSV,9,10,7,9,7;5;24;23;6;8;5,4,1
0bvW12Ok,8,2,3,1,20;14;6;11;23;2,4,1
00BtbaQh,6,1,4,10,20;11;13;20;17;14,4,1
0MQAMMnO,3,10,8,5,7;2;15;9;12;16;4,4,1
0SvMYU0f,6,6,5,10,14;11;9;20;6;12;4,4,1
0LuqS2Be,12,1,5,8,7;7;6;25;18;1;16;15,4,1
0IPgaCq3,1,1,2,6,1;4;24;25;11;18;2,4,1
0A9d8OAr,10,3,5,1,1;17;9;19;12;10,4,1
0n1VwuRT,9,6,5,10,7;25;17;24;21;12,4,1
0DiWIF1W,12,10,5,7,1;17;13;2;9;20;7,4,1
0Y8xAEHu,3,7,9,2,1;15;13;5;18;1;13;23,4,1
0ByumHLm,11,10,7,4,1;7;19;16;25;13;12,4,1
0efMk2Y1,12,10,7,3,14;12;9;2;6;19;9;10,4,1
0RyusmIE,4,1,12,10,7;23;23;4;6;15,4,1
0tnT2jvZ,1,1,8,6,1;11;13;14;10;14,4,1
03NCF51O,4,1,7,10,20;11;16;4;22;21,4,1
0RyitAyF,11,6,8,1,1;17;13;4;25;10,4,1
0qAPvZid,9,4,3,10,7;2;15;24;17;20,4,1
0WGIAgnK,8,6,6,1,20;2;15;9;20;21,4,1
0vLCnJ2s,7,10,10,3,14;5;13;12;6;20;19,4,1
0LgExVtu,11,1,6,3,7;8;24;20;13;4;24;15,4,1
0gMTAMHn,5,1,1,6,20;21;21;17;2,4,1
0Em17vCP,1,10,9,3,7;15;6;2;10;19,4,1
0R35GwGg,3,10,6,7,14;15;1;9;12;17,4,1
0pMtsF0Z,12,10,4,6,1;4;5;24;7;23,4,1
0X6lEi8T,10,3,6,5,20;2;12;13;11;8,4,1
0ZBnD8Oc,7,3,2,2,1;2;23;13;10;17,4,1
0bFNoZBm,4,5,11,4,7;2;13;20;16;5;25,4,1
0bD24xRG,5,6,8,2,1;17;6;12;11;13;4,4,1
0OsRD9qM,3,3,10,4,1;4;20;24;25;15,4,1
0e11WAZW,12,10,11,10,14;7;15;24;22;19,4,1
0py1xgNJ,1,1,12,10,1;12;13;7;18;23;16;8,4,1
0b3EGMDd,9,7,5,1,1;11;8;13;4;9;15,4,1
0XJ1xbO6,9,2,12,4,7;10;16;8;2;19,4,1
04GBMBkQ,3,10,1,8,14;10;16;14;11;5,4,1
0FRnbbvc,10,1,9,5,20;23;9;25;1;21,4,1
0nSVxqZU,10,5,9,4,7;8;9;5;14;17,4,1
0t8TJEeH,10,3,3,10,7;15;13;8;17;9;12,4,1
0tokMf8H,11,10,12,5,7;21;9;11;4;24;1,4,1
0HamSBp7,6,1,12,2,1;2;17;14;13;12,4,1
08lxdLhN,8,4,9,5,7;23;6;25;8;24;12,4,1
0fMoj3ni,6,2,10,7,20;23;16;25;9;5;2,4,1
0iI0k9L7,7,8,9,10,7;8;21;13;10;16;4,4,1
0qxWkeFf,12,7,5,10,1;25;16;2;11;20,4,1
0Mn4rqDN,2,6,11,4,1;20;11;9;17;12,4,1
07GP1PSv,4,4,6,2,1;21;5;16;8;19,4,1
0V0FlJEk,3,6,14,7,1;14;6;23;12;10,4,1
0YQCsiyS,8,7,9,1,20;1;6;21;10;9;2,4,1
0lRdiGj2,1,10,8,1,1;17;5;10;16;21,4,1
02dNAOCk,10,2,7,4,7;4;19;13;21;15,4,1
0zMfLJNQ,5,10,9,3,14;12;9;5;3;12;17,4,1
0sAi7RV9,8,10,4,4,14;17;24;19;16;1;10,4,1
0burCfQY,12,3,8,1,1;21;14;3;10;16;17,4,1
0Iz74QKa,6,10,5,7,14;11;15;9;7;2,4,1
0TiPY0GT,9,8,5,3,1;12;16;7;7;18;15,4,1
0ElKOGCl,3,10,9,2,1;8;24;12;10;25,4,1
0eTIIWCg,8,10,9,8,1;25;24;10;9;2;20,4,1
0sudNfoQ,6,4,11,7,14;8;2;6;12;1,4,1
0WuRHxGF,10,10,11,5,14;19;24;22;21;17,4,1
0N2cNB3J,3,9,1,10,7;8;3;2;23;24;25,4,1
05MR3TTU,4,8,2,10,14;7;24;10;18;14;13;8,4,1
0YT9oTsJ,10,4,2,2,7;1;10;24;5;8,4,1
0asIEepS,7,9,9,4,14;14;9;12;3;11;7,4,1
0wFIwbAc,10,1,9,4,14;10;11;3;4;7,4,1
0Gns3SpQ,9,6,1,4,1;11;12;16;21;13;10,4,1
07fFDNmO,9,8,12,7,7;23;13;15;12;21,4,1
0nsS31zx,2,1,10,3,14;4;13;19;11;23,4,1
0w3hHSLT,9,1,7,6,1;19;9;21;12;23,4,1
0ohw3Vph,4,10,10,1,1;11;10;6;14;3;5,4,1
09OiuaTA,10,6,11,3,1;10;9;25;24;19;12,4,1
05Mfju8p,12,4,14,2,1;17;6;8;5;3;12,4,1
0mdbSbhZ,9,10,10,3,14;21;16;22;18;2;23,4,1
0lj6EJQM,7,6,4,2,1;25;6;19;16;15;23,4,1
0WvnCmbD,12,1,9,8,7;14;3;4;19;9;12,4,1
06noeS7K,12,3,6,4,20;7;6;2;18;23;10,4,1
0ajrPHvp,6,8,14,3,14;7;3;5;25;18;20,4,1
0dRzwgMi,4,6,1,10,14;10;12;3;17;8,4,1
0N48JTVT,4,6,12,1,1;11;8;6;23;9;4,4,1
0Q8cFf3z,5,4,9,7,14;1;24;5;3;7;21,4,1
00YmyLMF,9,10,10,8,14;1;24;25;18;12;14,4,1
0FmKZsGm,11,3,7,1,1;14;5;13;17;18;7,4,1
08coD8Yq,11,1,12,10,20;1;13;14;9;15;4,4,1
0y7SJBqE,8,1,7,2,1;14;5;21;6;17,4,1
0ovPerEF,1,3,6,4,20;21;14;6;7;16;11,4,1
0LGt7soj,1,4,4,10,14;20;6;7;18;21;13;10,4,1
0xsfE0nL,3,6,12,5,14;12;16;15;23;11,4,1
0oaZHZCy,4,10,11,4,14;15;6;1;19;18;10,4,1
0tkQMYl5,7,4,6,7,7;20;13;14;25;6;14,4,1
0dVCyY0C,10,1,4,3,1;2;3;10;16;7;4,4,1
0oZiIpUO,8,1,4,2,1;20;7;6;4;24;23,4,1
07SAc0Do,1,1,10,10,14;8;6;25;23;13;17,4,1
0zdFCHDh,11,10,7,10,1;20;16;5;15;11,4,1
0LSbfA6K,4,4,3,10,14;17;11;13;23;20,4,1
07Z4CEs2,4,3,10,10,7;15;13;12;10;19,4,1
019BTOoV,1,3,5,1,1;20;2;16;22;21,4,1
03qXBk4m,5,4,1,8,20;11;16;22;5;3;25,4,1
0zVdNRS4,8,1,1,6,1;8;3;7;21;6;4,4,1
0JANK4ZW,2,1,9,9,20;11;25;16;4;25,4,1
0rmmKq6w,7,4,2,4,7;23;6;2;20;24;15,4,1
01fE2cST,4,4,12,10,14;17;16;1;7;24;1,4,1
07AIC9GP,12,6,11,1,20;20;14;24;4;16;2,4,1
0ZQA19K5,12,6,4,10,20;25;14;5;12,4,1
0l1rFOAD,1,2,6,6,14;15;6;7;23;9;2,4,1
0HS0VneB,10,4,8,3,20;4;7;24;7;17,4,1
0tbCA76A,1,3,3,3,1;11;9;10;2;12,4,1
0oFqdi6I,1,10,2,9,14;20;24;21;8;16;11,4,1
0YaU2fL6,9,4,12,2,14;21;13;21;8;6;1,4,1
0ll5m9j1,4,6,9,3,20;10;13;12;7;4,4,1
0MzaEp62,2,9,9,1,7;23;2;9;11;10,4,1
0DH1fyuE,2,6,11,1,20;5;3;4;15;9;8,4,1
0h1wx4YL,1,7,6,4,20;19;16;12;4;6;23,4,1
08cj9MDl,6,7,7,1,1;11;3;8;12;7,4,1
0C0LBtnJ,4,7,2,4,1;8;21;9;2;16;25,4,1
0FtOE0bi,11,8,5,6,1;4;3;2;9;17;11,4,1
0GrYl3yE,9,6,3,10,14;11;6;23;4;24;1,4,1
0sUifXZ1,2,6,5,4,7;23;13;4;12;15,4,1
049ofl6j,3,4,12,7,1;25;5;16;19;3;7,4,1
0DaGIH9o,8,4,5,10,20;8;2;17;24;19,4,1
09sBjINm,8,6,14,4,1;19;16;11;21;6;20,4,1
0sBFgycO,1,8,6,3,7;11;3;21;9;20;20,4,1
0Y5sgG65,3,3,6,7,14;25;1;24;17;10,4,1
0YcN2aI1,7,6,5,10,1;19;13;23;7;18;8,4,1
0hMPq1Jy,12,4,10,10,20;19;15;16;25;24;22,4,1
0sRXB4am,3,6,7,2,1;15;5;24;19;13;4,4,1
0B9McLHI,7,8,10,6,14;15;23;16;2;7,4,1
0vuOZhtR,1,9,9,10,7;20;3;21;14;24;12,4,1
0QsDkkjT,1,10,2,4,1;23;3;4;10;18;11,4,1
09XBz0wg,3,7,9,10,7;15;5;13;12;14,4,1
0U5NX4on,8,2,3,4,7;10;2;3;20;23,4,1
0PglQ9Je,2,4,11,8,1;14;9;12;11;16;21,4,1
07X8syQH,2,3,10,5,20;11;9;11;19;4,4,1
01uAo1q9,4,10,2,4,1;11;5;4;9;21,4,1
0HaKlBFr,4,3,2,4,20;4;19;17;6;5,4,1
02fgmZaX,7,3,5,8,20;8;11;24;22;23,4,1
0pADIKwb,4,9,6,6,7;19;4;3;25;11,4,1
046m9Vpe,7,1,3,4,14;2;16;8;3;7;17,4,1
0tDdEHP9,2,6,1,4,14;21;13;20;14;1,4,1
0pdr6h6z,7,4,10,6,7;5;21;9;4;20,4,1
0QpoTDvo,10,3,5,10,20;11;19;12;16;8,4,1
03OOllOt,2,3,7,9,7;2;16;10;12;6;14,4,1
0KbYwrij,3,4,6,10,20;12;13;17;8;6;5,4,1
0TMo4vJ1,10,2,6,4,14;5;11;16;1;14,4,1
0SzAFqMV,5,7,3,10,20;23;11;24;5;10,4,1
0NSMN2Xt,12,7,5,2,7;13;5;2;6;1;21,4,1
0Dxd4IXS,7,4,6,3,7;17;21;6;21;12,4,1
0azI6EZ6,1,8,4,4,1;10;16;8;11;2,4,1
0gmUWi3a,7,6,5,3,1;25;16;21;19;13;4,4,1
02sxQvSM,10,10,6,3,20;11;20;12;5,4,1
0WlNHODK,8,1,5,3,20;15;21;8;3;10,4,1
0ACKgnNG,11,3,4,1,14;12;24;17;10;3;19,4,1
04ILyULk,8,2,3,1,20;1;11;24;12;2,4,1
0OzifNG2,11,10,2,8,14;11;13;14;19;15,4,1
0Sd50PAM,4,7,7,10,1;20;14;3;17;16;19,4,1
0qRAWows,6,4,7,10,7;15;13;1;16;23;25,4,1
03vxmdpg,6,3,1,6,1;14;24;2;8;10,4,1
0gEMSgAT,4,1,6,4,20;4;15;3;10;11,4,1
0V5ed3F3,7,7,1,8,7;20;12;6;17;16;8,4,1
0ld0N10p,12,4,1,7,20;20;7;24;1;13;25,4,1
08q6lw9w,11,3,12,2,20;10;1;25;6;2,4,1
0FhZRQNj,5,4,9,3,7;8;3;21;19;6;1,4,1
0KJj5dHW,3,6,2,2,20;20;12;14;4,4,1
0S9ZwRcW,4,10,2,3,1;25;4;6;12;21,4,1
0fNNzSMq,4,5,3,7,7;21;13;25;4;3;11,4,1
0nuwTnZ2,9,1,4,10,7;12;2;24;2;18;5,4,1
0JfD1R6e,4,6,7,3,1;11;4;24;20;15,4,1
0kQJyWVc,8,10,2,8,1;7;10;3;21;2,4,1
0G4mAWuT,2,10,8,8,20;4;13;20;11;1,4,1
0axw92Se,8,10,9,7,1;23;13;5;12;24;20,4,1
09Nv7B8G,2,3,7,10,20;14;16;23;10;10,4,1
0OCubZUd,1,6,2,2,1;11;24;7;4;16;14,4,1
0AxUD3YX,8,6,10,2,14;17;3;1;2;15,4,1
0vJDAgLX,9,4,8,9,14;20;6;12;23;15,4,1
0kGWn8KK,10,1,3,3,20;12;13;12;16;5;1,4,1
0otWsJkn,4,3,9,4,20;19;1;7;16;2,4,1
0txry5HH,7,7,10,10,20;5;9;23;25;18;14,4,1
0yC8pCG3,2,2,3,4,7;21;12;24;23;9;10,4,1
0Wp3Nqjr,6,8,5,3,14;2;16;15;9;10;25,4,1
0rOMW3EL,6,10,11,7,14;7;8;3;25;2,4,1
02aQBLEY,3,10,8,8,14;23;9;25;6;5;10,4,1
0hLOtLTU,7,7,2,4,20;10;23;16;1;7,4,1
0aZdAmKw,7,2,3,10,1;7;6;19;2;11,4,1
0yoFFz8W,9,3,3,10,20;1;21;25;13;23,4,1
0xSxkKyQ,11,2,10,3,7;14;3;8;15;7,4,1
0QbKUV9O,8,4,6,9,7;15;12;13;5;17,4,1
0nKKEd8u,9,10,3,3,7;10;15;6;2;25,4,1
0rFXdmzu,6,7,2,6,7;21;9;21;1;6;19,4,1
0o56LFYN,2,3,11,8,7;15;17;3;10;11,4,1
03Boclu2,7,4,5,10,20;10;14;16;8;4,4,1
0A4aBLLY,6,10,2,3,14;23;3;8;13;7;5,4,1
0k4A5g7P,7,10,12,3,14;19;17;21;9;12,4,1
040Nh4TN,7,2,3,6,7;25;13;5;4;1,4,1
08HbdJIL,1,7,8,4,20;1;17;16;25;5,4,1
0gr71CE5,10,3,5,8,20;10;9;21;6;15;23,4,1
0ucCecsf,7,10,10,1,7;7;17;16;1;19,4,1
0HRoy6FN,12,3,6,1,20;12;11;16;8;22,4,1
0YH4MGtA,3,6,2,3,14;20;10;16;14;20,4,1
0gzi0xkA,3,10,5,1,14;17;24;22;5;12,4,1
0zVbtHXE,10,3,7,10,7;1;13;23;17;6;5,4,1
0YdNmG7W,6,1,7,10,7;8;5;3;14;11,4,1
0tRZt0ep,8,8,9,6,1;10;5;16;20;21,4,1
0S13SCXl,4,1,12,3,1;1;16;12;25;19,4,1
0f39RBzd,5,4,11,6,7;11;4;9;8;3;19,4,1
0ylWrNhs,5,10,8,1,7;8;21;1;6;14,4,1
0jlc7jKA,1,5,4,1,7;8;3;2;10;24;23,4,1
0WYp8cje,5,10,1,3,7;12;6;25;3;8;2,4,1
0MN5Car1,11,2,7,6,7;4;1;9;17;8,4,1
0tpBsFzw,10,10,4,1,1;15;24;8;3;20;19,4,1
03I4LKYI,8,1,10,7,1;10;3;14;9;20;5,4,1
0W6sVmtS,12,1,6,4,14;19;9;23;15;10,4,1
0XrOBlqR,4,3,12,1,7;23;17;6;1;16;21,4,1
0zaW2Of8,1,6,9,10,20;12;9;25;7;17,4,1
0rOPeDx0,12,4,4,6,7;8;17;24;23;19,4,1
0WPYFCd3,12,1,7,10,1;17;3;19;16;22;3;20,4,1
0vythFav,9,3,3,10,7;23;24;1;12;2,4,1
0xZzURTb,12,10,5,3,14;20;12;6;21;14,4,1
0wIrWNyV,10,1,5,4,1;12;7;13;11;3;23,4,1
0tLAIOcm,11,5,1,6,14;21;19;15;13;25,4,1
0duIej0A,7,8,2,10,14;10;2;3;17;16;21,4,1
0PiNBZPb,12,10,1,6,14;25;11;9;17;7,4,1
0MB0DYqv,3,3,6,10,20;11;23;24;10;18;15,4,1
0c60LnP4,7,9,3,8,20;4;13;21;14;3;1,4,1
0FziLddx,2,3,5,7,1;15;8;3;12;13;17,4,1
062dX4Gd,4,6,7,6,1;17;9;2;6;8;10,4,1
0t7EP45J,10,6,4,3,14;10;17;9;25;8,4,1
0cH2m5dl,12,1,3,5,1;14;12;13;7;10,4,1
0AVi6000,12,9,2,10,20;10;8;3;2;14,4,1
0Qri4Jy1,11,3,3,7,20;12;14;6;11;21,4,1
05KhHMRG,8,1,10,6,20;2;8;3;7;16;12,4,1
0hXB9Bxk,6,8,7,10,14;19;13;12;23;20,4,1
0A6OmQ60,8,4,1,7,20;5;12;15;6;14,4,1
0mDTup0E,10,7,5,2,20;15;13;17;24;8;23,4,1
0uJRTjej,1,1,4,3,1;11;10;3;21;6;7,4,1
0pZ2GXYi,4,10,14,4,1;7;16;5;18;10;14,4,1
0Q41J6lS,10,5,12,9,7;17;6;5;10;13;14,4,1
0vJ8jmHe,10,4,1,3,20;12;5;24;1;13;4,4,1
0i42nsKg,11,6,12,4,20;10;3;4;13;17;3;7,4,1
05WRSGQr,9,1,2,9,14;23;12;11;24;20,4,1
0y7ArcSi,8,2,1,4,14;4;6;20;14;24;2,4,1
0CVl3zKA,4,1,2,8,1;23;10;16;21;8,4,1
080SLrl7,1,6,2,5,1;4;3;15;24;8;17,4,1
05RsEYZd,2,10,5,8,14;10;6;7;18;19;2,4,1
0CaNFUwC,4,4,6,1,20;2;1;10;16;11,4,1
05Ni5UNP,4,2,6,10,20;15;9;19;1;18;23,4,1
0qrgzDBs,9,1,2,7,1;23;9;17;16;14;9;25,4,1
0oaH2Y3V,12,3,2,6,20;17;16;23;6;11;25,4,1
0pjtvnAx,11,3,4,5,20;5;23;1;14,4,1
09wGMO0r,5,8,1,2,7;8;24;4;11;13;12,4,1
0dwzej3U,11,6,2,10,1;21;6;7;4;9;23,4,1
09dIXjcr,4,1,2,4,1;11;6;19;19;17,4,1
0RwlZK96,6,3,11,9,20;4;1;24;22;12,4,1
0RW1SmwC,8,10,12,1,1;4;21;16;5;9;20,4,1
0RIeFQXi,3,10,2,4,14;1;23;7;6;1,4,1
0bcrxBwW,2,9,10,3,7;19;16;14;18;1;3;17,4,1
0FTMP7a4,2,6,6,3,14;8;20;10;3;21,4,1
0AwJcx3v,7,3,4,2,20;25;9;2;5;5,4,1
0xSyL9JR,1,8,2,6,7;11;3;17;9;19;3;20,4,1
0JKP6K6g,7,6,6,10,1;20;1;24;17;11,4,1
09jshgAi,5,8,3,9,14;23;10;24;21;1,4,1
0zbxUtsc,7,10,1,6,7;23;12;3;2;15,4,1
0GM4sFxb,6,10,3,1,1;14;13;20;24;10;20,4,1
0axghTcl,3,10,7,4,14;19;6;12;10;24;14,4,1
0R0C6Ob9,8,4,6,10,14;15;13;14;12;3;15,4,1
0mngrjtp,6,4,5,2,7;4;24;20;16;23;24;19,4,1
06oG5MoH,1,10,12,4,20;11;7;16;1;23,4,1
0dASrod2,12,10,10,2,14;15;5;24;21;15,4,1
0bRbGRCP,7,10,5,4,14;23;24;12;4;9;21,4,1
0EdjE48b,2,10,8,1,1;21;25;23;6;17,4,1
02YOyWJe,12,8,10,3,1;25;9;21;16;23;7,4,1
0wFiasYp,9,10,3,6,7;12;20;23;6;21,4,1
0BF4Ngry,12,3,4,10,20;7;14;9;25;11,4,1
0s9tt5md,4,4,3,2,7;1;14;5;14,4,1
0NT6BCR6,4,4,2,3,7;14;13;17;25;8,4,1
0ubVsKjn,12,3,10,7,20;11;10;9;19;5,4,1
0uKHPVNw,4,10,7,1,14;7;13;2;15;5,4,1
0dUsPm5j,11,8,2,6,14;5;6;23;4;3;17,4,1
0wYR8Km8,4,10,8,6,14;2;3;1;2;13;11,4,1
0MuvVOFO,8,10,7,7,7;11;3;11;23;9;10,4,1
0wwPnXPX,5,2,1,1,20;8;17;7;24;14,4,1
0hOdTSIT,8,10,12,1,14;4;9;1;8;5,4,1
079YsrOe,2,7,6,10,20;2;13;19;1;12,4,1
0fkiCHPk,4,3,10,6,7;1;9;21;11;24;15,4,1
0V79a9vG,9,4,5,6,14;4;9;5;11;2,4,1
0haIkMHj,8,9,3,4,14;11;23;3;17;6;15,4,1
0nP6s265,11,8,5,3,1;14;13;17;24;21;5,4,1
0f8Neo2h,7,6,5,2,1;4;20;17;3;14,4,1
0cQlkSmD,1,4,4,7,7;17;13;10;12;14,4,1
0XNajCc3,3,2,1,8,7;12;14;1;9;21,4,1
0bbSvJYd,11,6,3,1,14;1;3;19;25;6;11,4,1
07so8OLI,8,3,5,1,1;10;3;23;19;5,4,1
0NpZ7bNS,8,1,2,3,1;20;24;15;17;12,4,1
0g0H4bQO,1,10,5,10,14;12;13;1;5;18;20,4,1
04M2kaiQ,11,6,14,4,1;11;23;16;15;2,4,1
0VDZ9NVm,11,10,5,4,7;19;24;2;20;9;8,4,1
0eVSqfrt,3,10,12,3,7;11;25;15;17,4,1
0hKaR80v,6,5,8,6,14;17;15;3;10;13;19,4,1
0nMiuAQT,2,6,3,10,1;14;4;6;23;20,4,1
0XNTl7VF,6,9,8,3,7;20;14;1;4,4,1
0Qi2UOO1,3,1,9,9,20;7;13;17;21;10,4,1
06uKaFUI,10,6,4,3,14;17;16;1;18;25;16;21,4,1
0phTEDuU,12,8,11,9,14;4;15;24;11;12,4,1
0fxf61dr,9,6,14,4,14;7;8;12;24;19,4,1
0VpqhH9x,10,7,7,9,7;8;13;12;25;9;1,4,1
0HPtIMY6,12,3,14,10,1;23;5;10;24;1,4,1
024EFJvd,4,9,3,1,7;23;9;11;25;18;11,4,1
0UhceuFJ,6,3,9,6,1;23;3;14;5;13;4,4,1
0vOwkXBz,11,6,14,4,14;8;13;15;18;2;16;23,4,1
09zPCjE6,2,9,10,7,7;2;7;8;6;15,4,1
0xtcFugk,3,3,5,10,1;11;3;7;1;17,4,1
04jXHQt4,9,10,3,5,14;5;19;9;23;1,4,1
0jmnuey0,4,9,12,10,14;12;21;15;3;1,4,1
0HyRxChP,5,10,11,3,14;20;13;21;1;24;25,4,1
0A5MhzYF,2,3,5,6,20;10;4;25;6;8,4,1
0CDeeNer,6,8,4,6,7;8;3;21;14;24;17,4,1
0uqx5sZR,4,1,7,3,20;15;10;4;24;8,4,1
0BwtNguU,3,10,4,7,14;1;3;8;4;17,4,1
0ctWiY3I,10,8,11,10,14;10;5;13;10;25,4,1
09IuiL2r,7,7,5,4,20;11;1;3;17;4,4,1
0Y7tKk0r,6,6,7,10,14;4;20;9;2;13;4,4,1
0MT5uB31,3,7,12,4,20;2;8;3;7;19,4,1
05Q5qNwc,7,4,5,6,14;7;23;16;2;25,4,1
0LH4jRRd,7,4,14,10,7;15;16;22;5;6;20,4,1
0giVRRNc,6,3,10,10,20;4;24;5;17;8,4,1
0e3m18ZR,10,4,6,3,14;5;16;14;4;9;25,4,1
0UPiSDod,12,9,11,7,7;4;24;10;20;3;1,4,1
0D6m1ZOp,6,10,9,3,14;20;13;12;7;18;12,4,1
07FxU09U,7,4,3,6,20;12;25;6;14;9;10,4,1
0SK9FHSV,8,4,2,6,20;7;9;17;24;22;12,4,1
0oXbYPbG,10,10,7,3,7;19;11;17;9;25,4,1
0oUKuCJw,6,1,8,10,1;2;20;13;10;2,4,1
0pUsIQ46,12,10,7,1,14;19;3;10;17;13;10,4,1
0bbuLqvR,2,9,7,6,7;7;25;24;22;11,4,1
0swM0xat,6,6,12,9,1;2;21;16;10;18;11,4,1
0wh6PAqP,9,3,6,2,7;10;5;9;20;16;11,4,1
0NlPHo1Q,10,6,4,2,1;21;19;6;8;23,4,1
0MQqliPW,9,4,2,9,7;17;21;15;23,4,1
0wy0lpB1,6,1,10,8,20;21;12;9;4;1,4,1
027CRIuM,11,6,3,2,1;15;5;3;20;6;19,4,1
0sNyrJuV,5,1,3,9,1;12;25;6;21;10,4,1
0xTHsLIb,8,10,10,4,14;25;6;19;9;1;11,4,1
0w5lgBxS,6,3,10,9,1;10;24;14;18;4;11,4,1
0gQRA7jP,3,10,7,9,7;25;25;16;14;10,4,1
0qFEeo5L,6,2,12,10,7;14;6;2;10;8,4,1
0zbMayET,3,10,5,4,14;7;15;14;21,4,1
0MTAJ5ZA,6,4,8,10,7;12;15;20;6;19,4,1
0xi8TjaG,12,6,10,1,1;10;16;2;14;13;15,4,1
0sJF3wfF,3,4,12,1,7;23;9;4;8;20,4,1
0apHHZbV,2,8,6,7,14;12;6;8;20;10,4,1
0KgZwdKb,3,4,8,8,1;23;13;10;7;15,4,1
0OQ1QRc4,8,10,6,7,1;25;5;9;8;14,4,1
0lUtfFe9,3,2,10,6,1;2;24;21;7;14,4,1
0K0mMilJ,3,4,7,3,7;14;4;9;23;25,4,1
0OSGQ2nc,9,4,10,3,7;21;23;24;5;21,4,1
0hHN71sU,12,6,1,3,14;11;3;7;18;20;9;10,4,1
0RIxZHhq,1,3,10,10,7;5;8;3;12;19,4,1
05a0HDEL,12,3,6,10,20;17;24;11;22;20,4,1
02iv8KOb,6,6,5,2,1;14;23;9;7;5,4,1
0wYEs59O,3,10,5,6,14;25;6;7;23;20,4,1
0OVGubRW,7,10,6,1,14;8;11;4;6;23,4,1
0xHzUglD,7,7,12,6,20;1;24;10;19;12,4,1
0BNS4AZy,12,10,9,7,14;4;13;8;11;25,4,1
0YR0wD9L,5,8,3,10,1;25;10;1;6;12,4,1
0MQlAOgx,7,1,2,4,1;15;3;25;23;6;19,4,1
0WsQbpNV,10,9,9,10,7;11;6;8;18;12;6;20,4,1
0cftAUfQ,11,4,2,1,14;21;6;2;19;18;5,4,1
0xkf9Msr,6,2,2,10,14;19;6;15;5;24;23,4,1
0mTs1kc4,11,10,8,3,1;11;23;6;10;21,4,1
0Jm7gxGx,1,10,4,9,1;25;13;8;19;11,4,1
0mMEXsds,1,7,8,10,1;17;16;5;24;22;21,4,1
09jiHIru,10,7,12,1,20;10;24;4;19;17,4,1
0ZwyTSNs,1,1,10,6,1;4;16;22;18;19;24;21,4,1
0M0SmcPX,6,4,12,10,1;11;4;9;14;4,4,1
0f4frh72,3,8,4,3,14;10;12;9;21;25,4,1
0L8UaNG5,1,1,6,3,20;15;9;25;18;12;23,4,1
0ZGz5opy,3,10,12,8,14;5;25;2;13;17,4,1
0n3GzstF,12,1,9,8,20;21;3;15;16;2;18;10,4,1
0Z6WSpqo,10,9,9,2,7;10;3;7;11;21,4,1
0qlB2Kjo,2,1,11,9,1;2;24;5;12;4,4,1
0GubQhrw,4,4,10,3,20;4;3;1;2;7,4,1
0t2ysBGH,6,10,1,3,14;25;19;9;7;8,4,1
0n0Ly971,10,8,9,1,7;20;25;9;4;14,4,1
00JaN2sN,2,1,5,8,14;4;5;13;7;3;12,4,1
0ST82Igi,5,6,8,4,1;23;3;19;16;20;5,4,1
0QdRAvur,1,8,6,3,14;17;16;10;23;4,4,1
02WwQdJK,12,7,11,3,14;20;6;10;18;25;16;15,4,1
0ozZf1UW,1,6,8,10,7;2;13;11;9;20;25,4,1
0Qp0BJYe,7,8,10,9,14;17;9;25;18;23;13;1,4,1
0w0z0HPu,7,6,6,4,14;10;23;13;11;19,4,1
049acHk9,7,1,12,5,14;17;7;12;13;15,4,1
0ujNkXLv,3,8,14,1,1;23;20;13;10;20,4,1
0kc7bcm4,12,10,5,4,7;15;9;10;3;8;4,4,1
0FfbjBrD,9,6,3,1,1;8;3;2;14;6;25,4,1
0gv55tc9,8,4,2,8,14;10;3;8;20;13;19,4,1
0KFWdqc7,4,1,3,4,1;15;24;20;12;6;2,4,1
0652gzCi,6,7,2,1,20;8;7;6;14;8,4,1
0RYjxtbb,9,1,5,10,20;14;5;16;4;12,4,1
0SAPJVN0,4,6,9,4,14;21;24;20;13;20;2,4,1
0TrZml2S,7,7,9,10,7;15;13;8;5;10,4,1
0IYNoa9i,2,1,5,9,20;21;12;3;14;1,4,1
07ZXr33u,2,4,11,3,20;23;13;17;6;5;17,4,1
0d102EqC,2,3,11,7,7;11;6;14;2;19,4,1
06zSsMav,9,4,10,10,14;7;7;5;13;19,4,1
0qzTuN3Y,3,4,11,1,14;17;10;13;1;7,4,1
0g28Ioga,4,6,11,1,1;12;2;16;8;20,4,1
0s1MUAIo,11,2,3,6,7;21;12;9;8;7,4,1
0xEBM7W7,10,3,2,1,20;17;17;11;16;2,4,1
0h2KUMSr,7,10,2,2,7;1;5;16;21;15,4,1
09nnw5IX,1,4,12,4,20;5;13;19;6;11;5,4,1
0aJJmUvw,10,3,3,10,7;1;13;11;7;7,4,1
0cn6QcL8,1,10,7,8,20;17;23;9;2;4,4,1
0gRStLjK,7,7,1,1,20;7;13;8;23;11,4,1
0ged0jqx,8,4,7,4,7;8;5;16;25;10,4,1
0HDUS8JZ,8,6,9,8,20;14;3;1;9;14;1,4,1
0WTkY5WJ,2,10,6,3,14;14;9;12;10;20,4,1
0TLl642z,10,8,1,3,14;14;15;13;12;23,4,1
06SPSrW5,9,6,3,4,1;25;9;8;7;17,4,1
0XFku4NT,6,3,4,1,20;2;23;16;10;14,4,1
0keLUryF,1,9,9,2,7;1;16;4;12;3;23,4,1
0OIkSMT2,7,4,5,10,14;8;16;12;1;4,4,1
0M46c7Kp,12,3,1,10,20;2;16;14;13;10;12,4,1
0g9ImtC2,1,10,3,5,7;11;6;17;16;22;21,4,1
0mur6vQk,11,10,5,5,7;15;11;9;19;25,4,1
0d0YbWQo,6,10,11,6,14;5;17;7;3;2,4,1
030UoE8q,5,6,3,1,14;4;6;1;13;15;12,4,1
0jrfxkoe,6,4,4,2,20;23;3;5;10;1,4,1
06ZVvope,12,3,9,4,7;19;20;6;12;14,4,1
0uI616Gg,1,1,10,6,20;7;11;9;17;25,4,1
0t2Vlr13,12,9,9,2,7;19;20;13;2;20,4,1
0N3rgIlj,8,1,4,5,1;7;9;25;16;5;17,4,1
0aNZimZH,12,10,11,7,1;8;13;23;14;9;7,4,1
06P6GvQO,2,1,7,8,20;10;13;23;8;25,4,1
0zkEgi6W,11,4,12,6,1;5;3;2;8;6;17,4,1
0hmW6tL0,4,6,9,2,20;23;2;6;12;10,4,1
0a4NBrvY,7,1,9,10,1;20;11;13;19;2,4,1
0VYK3EmO,6,3,10,6,7;23;9;20;11;3;15,4,1
0626xTFy,11,7,5,6,20;15;13;10;15;18;2,4,1
0eEGBdfP,9,6,2,10,20;14;3;10;5;4,4,1
0KUOJOK1,8,10,12,9,7;14;9;1;24;17;4,4,1
0zQy9VkA,11,10,7,4,1;1;24;14;15;14,4,1
0X7mXl1C,12,10,6,3,1;5;7;4;6;19,4,1
0Mvr6OoN,1,1,8,10,20;8;24;17;4;3;15,4,1
0Jj3G3VU,6,4,5,6,20;21;23;6;12;11,4,1
0XmMzk5T,2,6,12,4,14;8;4;16;19;10,4,1
0UoFYBmJ,10,1,12,10,20;2;6;17;24;7;22,4,1
0YVaJ8F6,6,10,2,1,7;11;9;14;3;15;5,4,1
0ZIPwElE,2,3,9,8,20;8;16;17;4;24;7,4,1
0l8lrhgP,11,10,7,3,1;7;3;2;15;6;5,4,1
0SojsXMb,10,5,4,6,20;12;16;25;24;21;16;2,4,1
0yiBwrET,7,6,2,4,14;7;3;2;14;6;23,4,1
0prX0r3x,4,3,3,6,20;19;16;10;21;13;17,4,1
0y6o0cZH,8,3,10,10,1;1;21;3;19;8,4,1
0DHgptUA,11,2,7,4,14;2;16;12;6;15;1,4,1
0rGD0lWR,12,10,10,5,1;12;3;15;2;16;11,4,1
0sAvwHzU,12,4,8,3,7;1;6;21;2;3;19,4,1
0ESk8QQB,10,4,11,8,7;21;12;9;25;1,4,1
0Ic4fzCz,11,6,1,8,20;14;6;4;25;3;23,4,1
0R0pNCs1,11,10,3,6,14;19;16;22;21;10,4,1
0E3VBQPT,10,6,2,1,1;14;13;15;20;19,4,1
0QUIqY0d,10,5,2,8,7;23;13;25;6;20;2,4,1
0QG9ESpB,1,6,6,4,1;14;8;14;3;11,4,1
0KkOGzSy,6,1,4,10,1;2;10;3;4;15,4,1
06E3KJI7,11,10,7,4,14;2;3;25;16;7;25,4,1
02qVgjSB,10,10,7,1,7;5;24;15;19;18;25,4,1
0OHkzj31,2,5,10,2,7;4;25;3;14;19,4,1
09EvntGL,5,1,11,6,20;8;16;21;9;11;14,4,1
0LdsYKHy,1,9,6,10,7;20;19;16;4;2,4,1
0T0INQim,2,1,11,3,1;23;13;7;25;7,4,1
07pMPfqg,8,1,6,3,7;2;12;24;4;17,4,1
0ZwmptPM,6,2,10,6,14;1;15;13;25;17,4,1
0iMiIXgM,3,2,5,4,20;15;19;21;16;14,4,1
064BISZI,3,3,2,7,20;17;3;4;8;14,4,1
0FWOTGg6,4,4,11,8,20;11;6;4;7;12,4,1
0z0XomrT,1,8,9,6,1;5;19;16;5;24;21,4,1
0Q0GZiz5,4,1,1,2,1;5;6;2;17;14,4,1
0zor99AJ,9,3,7,4,1;17;24;23;22;13;17,4,1
05H4BmMj,1,10,5,1,1;20;16;8;18;17;16;19,4,1
0zXrAr6Y,9,6,6,4,20;2;7;11;13;17,4,1
0O8mAOdV,8,3,6,10,20;4;3;5;10;2,4,1
0DUNuLgu,2,10,8,3,14;8;9;21;3;1;1,4,1
06pfkAjE,7,4,12,10,7;17;8;16;2;12,4,1
0HfLHnJB,2,7,3,10,7;8;15;15;3;17,4,1
0hAdxLVj,2,3,1,6,20;21;17;5;6;7,4,1
09JAUean,12,1,11,7,1;21;19;6;4;20,4,1
0wDC7cgz,8,10,1,3,7;11;19;24;14;4,4,1
0ShAMg2J,12,9,9,10,7;1;24;4;25;18;1,4,1
0C2t7DO5,11,7,2,1,20;25,4,1
0DUp3vxs,4,6,9,10,20;4;6;19;23;7,4,1
0d44ucRP,9,4,3,2,14;15;2;9;1;20,4,1
0DR6PxIe,6,3,2,6,7;15;9;7;23;11,4,1
0Ah0XbCi,3,10,6,7,14;21;11;24;25;15,4,1
0HAHpECV,8,6,4,7,14;4;6;17;23;9;2,4,1
0FT4Pblm,6,6,8,4,14;25;20;19;3;5,4,1
0ACGYOMU,5,6,8,3,20;7;9;10;13;5;17,4,1
0bEtoXnS,6,10,10,1,1;19;4;9;21;23,4,1
00D2xgjj,9,1,1,10,20;11;3;4;10;1,4,1
0p13qsE4,3,10,4,4,7;1;6;1;3;15;8,4,1
0gXYmsQc,10,3,6,2,1;25;23;24;17;5,4,1
0sJMU6wF,5,1,11,1,1;5;3;20;14;15,4,1
0c8wY9sv,6,2,2,3,14;19;9;7;1;12,4,1
0KHh7w8Y,5,1,3,3,1;7;6;10;23;16;14,4,1
0FPPPlQ5,2,10,10,4,14;11;5;16;4;21,4,1
03aNEUKo,1,8,10,6,1;11;10;9;17;7,4,1
0I2su4cb,1,3,5,5,20;10;9;19;14;23,4,1
02SvByMA,11,1,12,3,20;4;10;6;15;12,4,1
046vV1zi,7,10,9,4,1;20;15;16;14;2,4,1
00TxeWhy,12,6,3,1,14;19;9;21;18;10;24;2,4,1
0CYI2q1K,9,4,7,8,7;5;8;9;25;14,4,1
0X3k5OhI,6,5,5,7,14;7;16;10;6;4;2,4,1
0m7aeUlz,10,4,2,5,20;1;13;2;5;19,4,1
0NvZEWWg,7,8,11,7,1;5;20;13;5;21,4,1
01DO6wrQ,6,1,2,10,1;15;6;5;10;7,4,1
0klKJ0AC,5,1,7,8,7;8;9;25;3;23;15,4,1
0J9lU8y5,3,3,5,2,1;2;8;6;21;4,4,1
0aRTM40O,2,3,5,10,20;21;13;5;7;11,4,1
07mQzqPc,10,2,4,9,7;2;17;24;10;20,4,1
0LWRVrHk,4,3,12,4,20;11;25;6;23;7,4,1
0tnmmdvD,3,3,10,1,1;11;9;12;24;14;4,4,1
0oFd6RHx,3,10,2,8,14;20;13;4;18;17;16;23,4,1
0o7tQV4K,11,3,1,1,20;8;15;13;14;20,4,1
0QPPSp1h,3,1,5,10,1;8;14;13;5;9;25,4,1
0m42YNOu,8,3,4,4,1;7;23;9;20;16;17,4,1
0DzqCzEC,11,7,4,8,20;11;6;7;16;1;5,4,1
0ihTe0Gq,10,1,12,5,14;25;23;9;17;6;7,4,1
0nmayPx2,2,8,6,4,7;4;8;16;17;9;5,4,1
0K9Sqz7m,4,4,8,3,7;5;19;20;24;22,4,1
01EgqVSx,3,6,6,10,14;12;2;13;12;3;19,4,1
0urYjZ0Q,6,1,8,6,1;14;25;10;3;19,4,1
0FQYIf3p,9,7,6,4,1;2;6;25;4;15,4,1
0CuC8Ee0,10,10,1,2,1;8;2;24;20;10,4,1
0HSec0AH,7,6,6,2,14;11;6;5;4;19,4,1
0JlAOa8K,7,3,4,7,20;5;3;15;12;23,4,1
0oVE0Tpc,8,1,1,6,1;12;14;9;20;5,4,1
0kNcmudt,7,2,1,1,14;12;23;16;19;20,4,1
0rKWfYPm,9,4,6,6,14;2;3;25;9;4;21,4,1
0kd7wgCS,6,7,2,10,20;10;6;5;8;17,4,1
0rgtt3wN,7,4,5,6,20;8;16;23;1;13;5,4,1
0BoCtWz4,4,1,3,10,7;19;11;9;8;19,4,1
06uGWdRI,5,3,3,8,1;20;11;6;4;13;2,4,1
0P6Z1V9F,11,3,1,6,7;15;13;10;16;5;4,4,1
0GoSiUJ4,11,4,4,3,20;19;16;22;13;11;21,4,1
0YG4sZg7,12,6,9,4,1;10;24;20;3;8;24;17,4,1
0mfZWT9N,10,8,3,4,14;25;6;8;19;1,4,1
0n3PJRGh,2,3,12,1,20;17;9;23;4;25,4,1
07quWFgc,11,6,1,1,14;7;24;22;16;8;2,4,1
0IirItXC,8,1,7,2,20;12;3;1;5;24;21,4,1
04jxblG5,11,10,7,6,1;19;3;15;17;25,4,1
0yhueHo6,10,9,4,1,20;10;17;13;19;5,4,1
0W0OZ4oW,2,3,5,10,20;4;3;5;18;14;25,4,1
0UmDyLHI,2,4,9,3,20;14;6;10;7;25,4,1
0hnGRGVH,4,4,1,10,20;4;14;6;17;10,4,1
0a3MSJW1,6,1,14,3,1;12;24;15;2;22,4,1
0onbN5lZ,9,6,5,3,1;2;25;9;20;24;22,4,1
0nGo1m79,6,2,12,4,20;11;3;5;13;20;8,4,1
0RqJ6x8l,10,8,5,4,14;23;6;25;17;18;12,4,1
0XbvL7T1,2,7,9,10,20;14;16;17;19;23,4,1
0UFNfl7M,3,2,5,8,1;20;13;5;16;7;22,4,1
0Lf1tzp5,1,10,12,4,14;1;9;21;18;20;16;12,4,1
0BsiSCtr,7,10,2,1,14;25;14;16;8;13;23,4,1
0OX4Dj5n,10,1,1,10,1;8;23;2;3;17,4,1
0WzsjiDF,3,10,10,9,14;4;3;21;24;5;10,4,1
0twyGk57,8,10,5,3,1;4;24;20;20;5,4,1
0mE6XYcN,2,10,12,1,14;1;9;20;21;24;5,4,1
02ZR93P6,9,3,12,6,7;11;6;21;8;23,4,1
0T91idlj,2,10,6,6,7;21;6;19;10;3;2,4,1
0kG7K7Q9,2,3,4,5,20;2;16;17;21;11,4,1
0aDuO8Ku,3,1,11,10,20;1;16;22;12;11,4,1
034G0bHQ,3,6,5,9,1;25;9;12;24;19;15,4,1
01NHRW4s,6,10,9,6,1;23;13;19;17;11,4,1
0YfWbsbD,9,3,10,8,1;19;13;11;4;24;15,4,1
0gtyTzEz,7,7,11,10,20;14;24;4;19;25,4,1
0gxYH7kL,7,10,9,6,14;4;2;13;10;17,4,1
0SrAZ28A,10,3,5,4,7;1;15;13;25;6;8,4,1
0lUuDdVe,7,3,9,2,1;23;2;16;22;24;22,4,1
06de5EAw,8,8,2,4,1;2;16;5;7;21,4,1
0nGsaWH9,6,3,9,10,7;4;24;11;14;1,4,1
0Is595nw,8,3,2,2,20;25;16;14;7;13;23,4,1
0yD9MONR,10,7,5,10,1;10;6;4;19;12,4,1
0MQm8ZwF,2,4,1,10,7;5;13;11;1;2,4,1
0W0WimcK,7,3,10,8,7;11;24;22;3;8;8,4,1
0HPP1bfM,12,8,5,1,14;1;7;3;21;9;15,4,1
0coPVrMS,9,6,5,1,1;15;8;24;4;19,4,1
0lWDmoQB,8,1,1,6,1;4;15;8;13;11,4,1
0PAnfH4y,11,8,7,6,20;7;21;16;14;9;19,4,1
03C9oqgE,6,3,14,4,20;2;8;6;5;20,4,1
0dM19bBE,2,10,5,5,14;15;10;24;12;3;23,4,1
0C7whPKq,3,6,5,10,20;14;5;6;20;17,4,1
0y6xZ5pN,9,6,3,4,1;17;24;15;12;22,4,1
0VesFF6Q,9,8,8,3,1;21;7;6;25;12,4,1
0yz08Vi6,4,5,2,10,20;23;16;19;13;14;4,4,1
0QsriUKE,12,10,8,4,1;7;3;20;21;24;22,4,1
0LGgydIt,5,8,8,2,7;4;9;14;1;1,4,1
0zz8x2gX,11,2,10,6,20;5;13;12;7;6;1,4,1
0eGgGVvf,2,10,11,6,1;4;9;11;10;19,4,1
0UXXRvqK,7,6,3,10,20;14;24;17;8;23,4,1
0l5bHf2N,10,8,8,6,7;5;10;16;17;21,4,1
0HQ5Kv2z,1,1,10,8,20;7;14;8;13;2,4,1
0BXHWlcq,12,2,3,3,20;19;1;23;3;4,4,1
08hNevX9,2,6,14,4,20;10;9;7;8;18;15,4,1
0HmIhjvZ,6,10,12,8,14;25;15;6;5;24;19,4,1
0fcSvw4C,5,10,12,3,1;21;20;13;8;5,4,1
0W5GNBxg,7,4,12,8,7;2;19;13;5;11,4,1
0DlTDFxO,11,6,3,4,14;19;20;9;8;23,4,1
0PlKFfVo,9,1,8,4,20;17;8;9;5;4,4,1
0TRkFu8e,7,1,6,10,20;11;17;24;21;5,4,1
0gf5kocy,1,10,12,8,14;2;12;24;11;18;20,4,1
0GhKIHpP,12,9,6,3,20;20;19;13;1;16;8,4,1
0iDl3rrR,11,10,2,6,14;19;3;5;24;8;22,4,1
0ZKVOMt1,1,6,9,10,20;14;23;7;13;2,4,1
0mMKquF0,3,8,9,2,7;1;9;8;24;20;20,4,1
0EzpNIP8,1,7,4,10,20;8;17;19;13;1,4,1
0go2gWqV,9,3,2,2,7;11;3;21;9;8;21,4,1
0UJhXU0P,9,10,7,5,1;12;6;5;9;20;15,4,1
0OEUeKfR,10,4,8,8,7;12;3;14;10;1,4,1
0MuTzBWI,12,4,6,8,7;4;3;14;19;8,4,1
0Yh9Kn2B,11,5,8,1,20;14;16;17;7;3;5,4,1
0eH6oZGj,11,1,2,10,1;25;24;23;9;4;11,4,1
0WaekEsk,3,1,10,1,14;20;2;8;9;4,4,1
0uUCEnnO,8,6,6,3,14;4;6;20;25;24;2,4,1
08KVla1W,8,1,12,3,1;25;15;12;13;21,4,1
0EguG0gQ,10,4,6,10,7;9;15;14;6;25;5,4,1
0mlrXfJv,11,3,12,1,1;8;14;19;6;23,4,1
0QtUmVNR,9,9,3,10,20;12;8;9;19;11,4,1
0UVLI3q9,5,4,3,9,7;2;12;6;20;2,4,1
0wpjlLUw,6,10,4,9,14;15;5;23;25,4,1
0lShZJAF,6,3,1,4,20;21;9;2;15;12,4,1
0RmwdYQf,9,6,10,1,1;2;9;25;4;2,4,1
08YK3lEO,11,9,3,8,20;12;6;14;23;18;10,4,1
08Hp495z,2,10,8,4,7;8;24;1;9;4;18;11,4,1
0RCFJW3M,8,4,9,10,20;2;13;10;1;8,4,1
0RwbUIfq,3,1,9,7,20;17;11;24;1;19,4,1
0nmyo4xW,9,6,12,10,1;25;5;19;13;21,4,1
0PNGsM2E,3,3,9,4,1;25;13;7;6;4;15,4,1
0hzDvkfL,6,1,8,7,1;8;25;6;11;4,4,1
0DBC58qU,1,8,6,9,7;10;24;14;22;3;12,4,1
0l609sFq,1,10,6,1,7;23;3;20;9;12;17,4,1
0fh6euh0,4,3,2,1,1;2;6;12;25;3;21,4,1
0yMPcmP5,3,10,4,2,1;11;3;23;2;10,4,1
0y9SJb0c,12,2,7,3,7;8;9;15;18;14;9;14,4,1
0UscrL6T,4,6,11,4,1;25;15;9;12;23,4,1
0FC9V8mH,8,1,3,9,20;4;11;3;10;9;25,4,1
00yKXLK2,9,9,6,1,7;4;19;13;17;14,4,1
0aJeeBXX,7,1,11,10,20;14;24;15;12;3;8,4,1
0ZrS9bGa,12,10,5,6,1;23;16;17;2;24;11,4,1
0E9tXmEm,3,4,7,6,20;14;13;8;1;16;4,4,1
0TxIQnmR,9,5,12,10,7;10;5;19;1,4,1
03LB4ppZ,12,10,6,6,14;1;24;25;8;19,4,1
0tHrXP0D,1,5,6,6,14;8;13;12;1;23,4,1
0dZXXVro,1,10,6,10,1;11;13;17;21;10,4,1
0enfvcTH,2,3,3,6,14;21;6;7;18;10;24;20,4,1
0ltWJp4v,3,10,5,3,14;8;9;20;7;17,4,1
0iaFrUJN,12,3,10,6,7;17;10;9;5;14,4,1
0IhqKR8D,4,6,8,3,1;12;15;21;8,4,1
0Kdt3HLC,8,4,9,1,20;8;21;13;25;14,4,1
0iszPX55,8,2,2,10,7;7;7;6;19;24;21,4,1
0yxNhydH,11,3,12,10,20;4;13;19;18;5;11,4,1
0XHys4cT,4,1,10,10,20;14;16;7;20;15,4,1
0cZvyNiK,7,4,11,3,14;8;19;6;17;14,4,1
0ElbucgN,2,3,12,9,1;4;13;11;25;18;21,4,1
0KrOxibl,9,9,1,2,7;25;3;1;24;21;22,4,1
0TvokI0Q,3,9,1,1,7;1;3;11;9;19;4,4,1
0Ho9GgGk,3,1,10,9,20;4;14;6;10;2,4,1
05ZtZj6k,3,7,2,5,20;11;25;16;7;14,4,1
0eD9eo7l,11,6,1,1,1;5;6;4;8;24;11,4,1
0w5LNE11,10,10,4,4,1;19;20;16;12;21,4,1
0zbXINco,11,4,8,1,14;17;6;5;12;11,4,1
0fgN4VLZ,2,3,5,6,7;14;3;10;4;17,4,1
05HbDkVe,8,6,9,10,14;25;12;9;5;13;8,4,1
0OJq1dh2,10,3,3,10,1;23;16;22;25;21,4,1
0cmyOwXT,3,6,4,4,1;15;10;13;11;8,4,1
09Sj23pA,1,10,10,6,1;14;3;12;25;13;23,4,1
0FpzKXYN,2,10,3,1,1;17;24;21;12;22,4,1
0U482OPk,1,10,9,3,7;1;16;5;8;9;21,4,1
0c3JhnlH,6,6,10,10,14;14;16;10;22;17,4,1
0xnOPZSu,4,10,9,7,1;2;24;14;22;20,4,1
0FaTJFcs,2,7,6,6,7;15;14;9;20;3;14,4,1
0uuIQW3H,6,8,3,1,14;21;24;19;2;9;15,4,1
0ZZYNRQH,6,8,2,6,14;25;19;16;15;1,4,1
0tkt9HxB,6,10,11,2,1;17;3;11;20;8,4,1
015PNngG,7,6,1,2,14;11;3;11;15;21,4,1
04hx7ZnL,5,4,14,10,7;11;3;17;15;6;19,4,1
0wc3crDf,2,4,8,10,7;21;9;12;6;14;5,4,1
0icMKmaw,12,2,13,4,20;10;16;4;14;9;17,4,1
0rDRaaqT,6,10,8,1,14;25;24;20;3;12;19,4,1
0K5WZS9T,12,6,8,10,1;10;25;13;2;6;8,4,1
00jQiUsO,11,6,3,8,14;8;3;2;5;18;12,4,1
0Utriy4x,4,10,6,6,14;11;4;19;9;2,4,1
0NRigrBp,5,9,3,10,14;17;9;1;1;18;5,4,1
0tYhGtay,11,7,10,4,1;2;24;15;11;10,4,1
0diTsifT,1,6,5,7,1;21;6;8;16;11;19,4,1
0iNVYvg4,6,4,1,4,1;5;3;20;23;25,4,1
0V7Ilmya,6,3,11,7,7;5;6;25;3;19;14,4,1
04zd6UJi,4,4,6,6,20;1;9;4;19;10,4,1
0RGSiNyt,8,3,9,10,1;10;20;2;24;23,4,1
0M9jXwhW,7,9,5,1,7;12;3;11;1;23,4,1
0OOiHPWt,9,10,6,6,20;2;9;8;4;12,4,1
0jMdorWf,1,10,9,3,14;7;3;7;4;6;21,4,1
0pnKxUR6,10,3,3,10,7;8;15;24;17;20,4,1
0tOdkOYt,7,2,12,3,14;14;15;3;8;17,4,1
08LyVFuj,9,10,7,1,1;23;10;20;6;21,2,2
08nAF6Ma,7,4,5,1,20;12;3;10;8;24;1,2,2
0wAn9r8G,6,4,12,3,7;10;6;25;1;25,2,2
0hGIjZf6,4,3,6,8,20;11;4;24;15;1,2,2
0Df1ouCl,6,4,3,4,14;17;6;1;13;1;5,2,2
04lLPb71,2,4,9,6,7;12;16;10;25;15,2,2
0GeN5Q4R,6,8,14,10,7;25;3;12;5;18;8,2,2
0IFHAlGs,7,3,12,8,14;17;3;11;25;20,2,2
0BMsRWgU,7,7,4,1,20;8;13;23;24;4;18;15,2,2
0kVpTk2k,5,3,8,1,7;19;6;12;18;2;9;1,2,2
05T2tlxE,10,7,7,6,20;23;6;10;16;10;20,2,2
0jSHR1qI,9,3,10,10,7;14;24;2;5;13;20,2,2
00swL0u0,7,10,12,4,1;10;21;23;13;5,2,2
0U9129Iw,8,7,7,6,14;5;9;7;20;13;14,2,2
05J6wm9S,7,4,1,3,20;5;6;12;10;2,2,2
02mZ1mBL,7,6,10,10,14;1;15;13;21;12,2,2
0BkPloOc,7,4,10,3,20;21;12;3;7;17,2,2
08qIP5zF,4,1,8,4,14;21;19;3;2;12,2,2
09sM7TYO,7,5,5,4,1;17;5;6;10;13;20,2,2
0MKvrUjA,12,6,4,4,14;4;14;24;12;13;7,2,2
0Q1wUJKa,2,5,1,10,1;17;25;16;4;3;17,2,2
0xeMIHBi,9,3,8,8,7;14;13;21;10;18;8,2,2
0DSuhhVm,10,6,8,8,14;8;24;23;12;4,2,2
06OfoLsI,10,1,12,6,20;10;2;16;23;13;15,2,2
09eBbaiW,9,4,10,6,20;8;16;23;1;15,2,2
0YQnKJmN,1,3,3,6,20;11;17;16;19;2,2,2
0HNK0yYN,4,4,11,1,7;1;10;3;23;21,2,2
0sUvXWrZ,1,5,6,3,14;10;9;19;15;24;11,2,2
01FTnj41,10,3,2,4,20;12;10;1;3;21,2,2
06dRZXwP,12,10,9,6,1;4;24;8;5;13;11,2,2
0G7KGuUi,2,4,9,10,14;4;4;3;15;24;1,2,2
0GuLRhDR,10,1,9,3,20;19;9;1;8;13;1,2,2
0lhe9M9k,10,1,2,3,20;19;12;13;21;1,2,2
070AhcvL,6,3,12,6,1;7;9;8;7;24;2,2,2
0yAYbZTt,5,3,9,2,20;23;1;6;14;18;21,2,2
0U7Xqbo2,4,2,8,4,7;25;12;13;21;3;5,2,2
00SCADbv,11,10,6,5,7;8;16;17;18;2;15,2,2
0TpeFRDB,4,10,7,8,14;21;24;12;2;3;15,2,2
0rW53T2W,10,6,11,7,1;14;16;21;21;22,2,2
0c8RXVR2,3,10,4,1,1;20;9;4;13;19;9;8,2,2
0TXsbMNH,4,3,11,10,1;7;16;4;19;6;5,2,2
07xHzhsc,1,2,8,3,7;15;14;3;21;4,2,2
0rakFwVt,1,1,8,5,20;21;3;7;23;5,2,2
0rZGXGUm,10,7,11,5,20;11;21;19;6;10,2,2
0kPjt5jL,9,3,6,8,20;17;9;7;11;16;8,2,2
0sb34o5F,9,6,5,8,1;19;11;24;17;25,2,2
0eH7SEnU,12,1,6,6,14;7;16;17;19;4,2,2
0swU99w4,8,3,12,1,1;2;14;6;7;23,2,2
0Ofiwr8G,9,2,6,1,20;11;4;16;7;9;12,2,2
0QmGNIB2,4,3,6,6,20;17;5;11;3;12,2,2
0IuwryqZ,12,3,3,5,20;4;6;21;11;18;25,2,2
0p4qhm90,11,10,6,7,1;5;9;23;17;8,2,2
0H5psiYo,3,6,11,10,14;12;2;7;16;4,2,2
0IJPKvf5,9,10,5,1,7;20;2;3;19;15,2,2
0WQrckH2,4,1,10,2,7;14;15;3;15;20,2,2
0nWAogNH,1,10,2,2,14;23;24;20;17;1,2,2
0MwEkW9P,3,7,10,3,20;11;24;23;15;13;19,2,2
0VPXvDrd,11,1,7,10,14;11;13;19;2;11,2,2
04bDyAq5,10,2,4,10,7;4;24;8;2;12,2,2
0lGhrQOd,9,7,1,3,7;10;24;19;16;12;23,2,2
0IFQfrJ5,1,4,12,8,1;12;3;23;18;17;8,2,2
09eFRceS,4,7,11,6,14;17;24;1;6;11;24;19,2,2
0Z8NPyu2,11,9,2,10,14;8;6;17;1;15,2,2
01WEUxFR,10,10,2,7,14;15;6;8;4;3;23,2,2
0ZI8C0EV,7,1,1,4,14;25;9;17;6;23;11,2,2
0o5N6rr7,11,3,10,6,20;17;21;6;11;5,2,2
0sjFH486,1,1,4,2,1;5;3;21;16;23;8,2,2
0wLiDvMD,6,2,9,3,14;23;10;9;21;25,2,2
00CUbY8U,4,3,1,4,20;4;13;10;1;15,2,2
0wsLmyBK,3,10,11,6,14;5;9;17;18;7;9;4,2,2
0Tu4THSw,5,3,9,4,7;14;23;3;15;12,2,2
03DkDB4T,6,3,7,1,20;15;13;4;8;17,2,2
0Y7Zxhi7,11,7,3,2,7;25;6;21;2;15,2,2
0WRUjHnv,10,7,11,10,20;5;24;10;1;13;19,2,2
03TQMz8d,10,10,3,5,14;19;21;16;1;11,2,2
0X4oZyyG,6,1,8,7,20;14;6;11;12;9;5,2,2
0oNIObRV,5,10,1,1,14;25;21;9;2;15,2,2
07RlKQFF,10,10,11,7,14;17;6;5;19;11,2,2
0PGIxwxu,11,3,1,10,20;14;6;25;12;9;19,2,2
0dLUcxit,7,3,4,3,20;1;6;21;7;10,2,2
0knmxy0P,2,3,9,1,20;19;16;23;24;7;2,2,2
0Qn7QtRZ,10,7,7,10,14;20;13;1;2;16;21,2,2
06qB3P4x,7,3,10,1,1;19;13;23;17;11,2,2
0kEt2Hyg,4,10,11,4,1;5;13;4;21;20,2,2
091qRsJL,11,3,1,7,1;14;21;6;11;19,2,2
0YdHkGlJ,2,6,11,1,14;12;24;15;6;23;4,2,2
0imzFRjI,12,2,8,7,7;1;13;5;21;24;8,2,2
0KVmw43i,6,7,8,1,20;23;13;7;11;1,2,2
03EgK9Gm,11,6,8,2,20;14;15;11;1,2,2
0yAPgPbE,12,7,4,3,7;20;9;21;5;10,2,2
0RcB91Ae,9,10,5,1,1;5;16;15;9;1;8,2,2
0bNMPRdP,3,6,7,6,14;25;8;3;5;19,2,2
0qIQZW76,3,6,14,1,14;20;9;4;23;18;21,2,2
0suQS8qu,10,6,9,4,20;17;3;10;10;15,2,2
0H6kkd1G,8,10,5,1,7;19;13;23;14;1,2,2
0FYZBgv3,11,10,14,8,14;20;24;15;17;21,2,2
0mR8q4X4,11,3,2,7,20;2;16;21;13;17;8,2,2
04pEfrie,8,7,4,1,14;21;3;1;9;4;11,2,2
02NX1BEJ,6,1,4,7,1;2;16;8;23;20,2,2
0cqh9JeV,6,9,12,1,1;2;24;4;18;23;3;5,2,2
0q8MYiws,1,3,6,2,20;4;7;4;25,2,2
0tvpAl0w,1,1,12,6,14;4;24;25;13;12;18;21,2,2
0YUNysqz,4,4,12,8,1;8;21;16;5;17,2,2
0AGkj3YJ,10,4,9,6,7;4;16;25;8;17,2,2
01a3wGrQ,2,7,6,5,20;1;8;5;6;4,2,2
0Rx5TjC8,8,4,10,8,20;2;12;7;24;1,2,2
0KP44O3V,1,10,2,6,7;20;13;15;19;9;12,2,2
0B8EmHyc,4,4,9,1,7;24;12;20;19;5,2,2
0xN41Ytc,7,6,10,9,14;5;13;12;1;11,2,2
01QujRjm,7,4,12,1,7;15;16;23;19;3;12,2,2
0s0S78QY,7,5,9,2,20;21;4;3;19;7,2,2
0bHXAwU6,10,6,11,5,20;21;2;3;23;10,2,2
0aNxxuBT,8,1,7,4,20;25;10;9;23;18;5,2,2
0uPO159E,10,1,11,6,1;20;13;10;6;17;19,2,2
0zgPJamU,7,7,2,10,7;20;21;14;9;25,2,2
0Rco1XPf,10,1,2,4,7;5;11;2;6;15,2,2
06CE2iip,7,3,10,2,20;7;9;15;15;11,2,2
0Zb7crHC,6,10,11,4,14;19;20;3;7;1,2,2
07mHsZNk,10,2,12,5,7;2;9;21;18;10;15,2,2
0DNGlPly,2,9,3,1,20;8;13;25;5;9;23,2,2
0s8OMZN6,6,10,9,4,14;15;4;3;25;16;22,2,2
0DNVAFTr,10,10,7,1,20;8;21;15;4,2,2
06vCriSV,5,5,8,4,1;10;6;11;11;12,2,2
0xkeOYIf,2,10,10,4,14;20;24;4;3;17;19,2,2
01kcMRvK,9,4,5,1,7;21;3;4;1;24;8,2,2
0XBIqnZn,4,4,3,10,7;12;13;20;25;20,2,2
0qs4ciga,2,6,10,1,1;5;8;6;4;23,2,2
0PV3mMQA,10,8,9,10,14;11;3;17;2;9;25,2,2
0VMKbLQT,8,4,9,3,7;4;21;6;5;1,2,2
0y26WqMg,10,3,5,1,20;11;16;21;6;23;15,2,2
0Z6pjYXO,9,6,5,3,1;17;23;8;3;7,2,2
04oJB2hz,10,4,11,3,7;11;24;1;19;21,2,2
0V3cy5y7,4,10,11,1,14;21;16;7;24;10;15,2,2
0FVutVtX,8,3,3,4,7;15;25;16;4;22,2,2
0iGN2DRO,2,8,4,1,7;17;3;11;25;16;7,2,2
0Ilg6wpn,3,10,6,1,14;10;11;13;23;8,2,2
0rtqFBpH,1,7,8,4,7;2;25;9;1;25,2,2
0OmSzN7N,9,1,10,6,20;19;24;23;17;13;23,2,2
0XF9x1K9,10,10,4,3,1;4;16;5;15;18;8,2,2
0JefNtlA,2,10,9,6,7;5;4;3;20;17,2,2
033LAZ8f,6,6,7,2,20;25;9;25;16;10;18;20,2,2
06pI8IhO,2,4,7,4,7;5;13;7;19;3;4,2,2
0geWjaUN,8,8,4,3,7;11;14;20;3;11,2,2
0HscKaBq,1,5,12,10,1;7;24;4;14;18;25,2,2
0cAkXYeq,7,6,4,2,14;5;9;1;25;10,2,2
0fO0HzpY,11,3,5,6,20;21;25;13;1;3;10,2,2
02xpvDjK,10,4,6,7,7;15;24;14;10;3;11,2,2
0XjlLBxg,9,8,1,10,7;21;13;5;18;1;9;25,2,2
05V8p467,6,1,1,5,1;4;6;19;17;23,2,2
0EdPzthG,2,7,7,10,14;17;4;8;13;2,2,2
0jfR8Wqm,11,3,1,6,7;20;6;25;4;7,2,2
0cPDXNtU,3,10,8,1,7;23;3;17;5;25,2,2
08scbI3d,12,4,9,1,20;7;21;6;10;15,2,2
0MVVHiGH,6,3,2,10,20;21;6;5;13;10;7,2,2
0e64W25k,12,10,2,6,1;4;3;14;23;6;11,2,2
0Pzckpti,4,10,2,5,14;10;6;7;3;1;12,2,2
0RveDlG4,2,8,4,10,20;23;16;2;10;13;8,2,2
0HXdavZH,5,4,9,1,1;1;20;9;4;14,2,2
0crWioqQ,11,7,10,2,7;15;3;20;5;10,2,2
0J7Fy4OD,7,3,1,6,20;25;6;5;7;21,2,2
0JTUjtoM,7,3,11,6,1;15;13;12;2;7,2,2
0xIy7ayl,6,9,3,7,1;23;13;5;8;24;1,2,2
0GB3yE7A,11,3,3,4,7;14;6;20;7;24;5,2,2
0APr1WUl,12,6,7,2,14;8;24;25;21;19,2,2
0MAl2AKO,1,2,5,10,7;20;9;12;23;24;15,2,2
0kEn490o,4,4,2,10,14;4;3;20;13;5;1,2,2
0QVEkxK5,10,1,6,7,1;2;5;16;8;14,2,2
0eOGTAJR,3,1,6,8,20;1;6;2;25;21,2,2
0zwfMCoK,7,5,10,1,1;11;5;2;9;10,2,2
0jySHB6Q,1,10,4,4,14;7;1;3;11;4,2,2
0Sfmk2ls,6,8,9,1,20;19;24;12;15;22,2,2
0mhMyNde,12,7,11,6,14;1;13;7;17;3;21,2,2
0Tqh3Gqk,11,10,3,3,1;7;19;23;14,2,2
0pZADtlm,3,4,5,4,1;20;24;2;25;16;11,2,2
0CtWsV2s,2,4,7,1,20;13;1;18;8;14;5,2,2
0oWc2ORx,8,4,1,3,14;5;8;16;12;6;21,2,2
0cbOpuD1,4,3,10,1,1;17;20;6;5;13;10,2,2
0VPNuBrt,3,8,11,10,7;20;17;2;13;11,2,2
0dtQ72M1,8,10,4,3,1;20;6;19;10;24;21,2,2
0cwrTeu1,5,3,2,5,1;10;6;7;8;16;4,2,2
0DefJGFj,11,10,2,6,1;25;8;10;24;2,2,2
0hyT1Jsn,2,8,9,3,7;21;15;16;14;19,2,2
0PC93QIi,2,2,3,10,7;2;6;1;11;8,2,2
0gXBlZ5t,4,10,2,8,14;4;25;3;15;7,2,2
0zFB20YK,7,5,10,10,14;21;24;10;2;7,2,2
0g51cDX6,1,4,5,6,20;4;16;25;3;19;15,2,2
0wxjOaW4,1,10,6,1,14;1;4;13;17;7,2,2
0cY1AUZZ,4,1,1,1,20;15;9;20;1;19,2,2
0xZeHzAU,2,7,9,2,7;23;21;13;20;6;14,2,2
0UE0Wy8F,10,10,5,6,14;14;13;20;10;2,2,2
0Hizl4tX,11,8,6,4,7;15;8;9;17;14,2,2
0JpYBpjW,8,5,2,2,1;25;24;17;16;10;8,2,2
09CUNwYT,6,6,7,10,1;14;6;4;13;23;18;11,2,2
0Xn3WF8Y,1,1,4,6,14;25;24;7;16;23;8,2,2
0smzTq0l,7,1,2,3,1;5;19;21;13;4,2,2
0yNfI8Kw,7,10,10,2,7;2;3;5;23;14,2,2
0ntTtc5P,5,3,9,7,1;10;16;10;12;8,2,2
0LykKftO,8,4,3,3,1;15;6;2;17;12,2,2
08tcFTXA,3,4,9,5,20;23;7;13;15;11,2,2
0yPIymRx,2,3,4,4,7;19;13;11;3;17;18;4,2,2
0iSbFKbs,4,8,6,6,7;21;5;16;11;4,2,2
0PQ2evjm,11,8,5,6,14;5;11;3;7;21,2,2
0uvrYteI,12,10,3,3,7;19;24;12;22;13;21,2,2
0Ze9BPFb,7,3,5,7,1;15;7;9;23;14,2,2
00OmtmMT,4,5,1,6,14;10;16;4;15;18;23,2,2
0obEeHWZ,3,3,2,1,7;1;16;5;8;6;20,2,2
0TR2GC6R,7,4,9,10,20;5;6;19;11;9;4,2,2
0SvYmZuw,2,8,12,2,7;12;20;24;11;5,2,2
0gt0bZL7,5,4,9,8,7;10;6;21;8;10,2,2
0KARK4cX,9,10,7,1,14;17;3;4;10;4,2,2
0ZZajcHe,11,10,5,8,7;23;19;10;13;23,2,2
0yfd5ZPo,11,3,12,1,20;12;13;25;1;18;17,2,2
0D4YPqJK,10,10,11,5,1;8;24;7;13;25;12,2,2
0JDFxRpV,3,4,2,2,7;23;9;10;25;2,2,2
0WbJSxXf,10,10,9,4,14;21;13;15;2;3;8,2,2
0yMApQUw,1,4,6,10,7;21;8;24;12;9;14,2,2
0QmSyT3d,3,4,1,2,7;8;6;5;25;3;23,2,2
0K8AYSXA,6,7,9,6,7;4;3;19;20;18;1,2,2
0w4jgh7z,11,4,1,1,1;23;14;6;21;8,2,2
0y0LYtuO,3,1,4,10,20;17;16;19;4;24;12,2,2
0glsVZCx,4,8,2,1,7;2;16;20;15;5,2,2
0EjVbpPC,11,10,1,6,14;25;3;11;4;20,2,2
0QtOaGSj,5,1,3,4,14;5;10;6;11;12,2,2
05wRUM16,9,4,12,3,1;10;13;21;14;6;21,2,2
0Y8Zkwxg,3,2,4,3,7;21;21;13;25;1,2,2
06kfiPdd,9,6,4,10,7;12;13;11;23;21,2,2
094baqBl,6,10,7,10,14;15;3;1;2;13;10,2,2
03rOYPbk,11,4,8,3,1;25;24;19;15;22,2,2
0wPXzTjj,11,10,12,4,14;15;10;6;20;7,2,2
0ZKsK064,12,10,10,4,1;4;14;16;5;8,2,2
0kelbASE,4,6,12,7,1;12;11;13;21;15,2,2
0WAXTCB1,7,10,10,3,14;5;8;9;25;6;12,2,2
08MR0Xaq,1,2,5,3,20;2;13;17;8;1,2,2
0fL1ZkM9,11,10,10,8,1;23;6;7;21;16;8,2,2
0PKcOgaZ,10,7,3,1,7;14;11;13;4;7,2,2
0pusndGy,3,3,7,8,1;10;23;24;14;16;25,2,2
0v5rhMwJ,7,10,5,5,7;14;9;1;11;2,2,2
00e2A1AX,6,1,12,2,14;21;24;8;9;20;25,2,2
0yXVPuxQ,5,10,11,5,20;11;16;5;17;3;15,2,2
0nlkbFiH,5,1,8,7,7;19;3;1;14;24;5,2,2
0KXJbMO8,11,2,10,6,14;1;6;20;23;13;23,2,2
0vvLO1eX,7,1,4,10,14;14;5;1;16;2,2,2
0KloRwf9,8,1,9,2,20;7;14;5;9;23,2,2
0tde7NjC,1,8,5,3,14;25;6;7;13;5;19,2,2
0iN33OCh,4,3,12,6,1;20;13;12;16;11;19,2,2
0KRqinU9,9,7,10,6,20;7;24;5;9;1;23,2,2
0xiMUamx,3,3,2,10,20;8;6;14;12;1,2,2
0VshjJkq,7,6,6,10,14;17;1;7;3;23,2,2
0cR97poX,4,6,8,10,14;11;3;25;7;15,2,2
0aMpp667,7,5,10,10,1;7;23;9;8;12,2,2
0Nd8Jsxi,3,3,11,1,1;5;25;13;20;15,2,2
0CHbPdGi,9,10,5,8,20;5;16;8;11;12,2,2
0JVsA77B,12,10,10,3,7;2;3;8;19;13;23,2,2
0rLwCVft,2,4,5,7,7;1;5;16;14;23,2,2
0r4oV6FR,9,6,2,2,1;20;6;14;10;9;19,2,2
0DYNxqnn,10,8,1,10,7;8;9;12;14;21,2,2
0Wt49DW5,4,4,8,1,20;17;13;21;10;23,2,2
01DbMhRi,9,3,4,8,20;14;6;23;19;3;10,2,2
0EcxRLQD,12,4,1,3,20;2;6;21;16;19;7,2,2
0sJ7DyCY,8,7,5,7,7;4;10;3;25;16;19,2,2
0l1iBFGf,12,8,8,1,20;19;19;14;6;12,2,2
0dEFGAHI,3,10,10,4,14;8;24;25;21;16;4,2,2
0Kgmh2RL,3,4,5,6,7;25;13;14;11;18;2,2,2
0tHD71q4,4,7,1,1,20;12;16;22;5;17,2,2
0oThEiuz,4,10,9,3,14;2;13;5;7;12,2,2
0K4cXbWA,10,3,6,4,20;25;24;14;1;10,2,2
0MDpFzYo,6,10,1,1,14;17;4;3;7;4,2,2
0irPLPaf,4,1,2,3,1;11;23;16;10;5,2,2
049KO8HJ,9,1,5,6,20;10;15;16;14;4,2,2
0UrBa6vP,1,5,3,2,1;11;25;9;17;16;20,2,2
0t2POXo2,9,10,1,1,1;1;16;23;24;2;8,2,2
0jQPfg3S,4,3,7,6,1;5;23;7;13;21,2,2
0qoXRN8a,2,10,4,1,7;8;16;10;23;1,2,2
0npbZfuj,12,4,5,4,14;10;16;15;22;19,2,2
06XFYo4V,11,1,4,10,20;23;8;6;11;1,2,2
0BJe8A7l,8,3,6,8,20;23;3;17;4;10,2,2
0TdZEbCA,10,4,11,10,7;1;17;9;5;3;8,2,2
0PTmqQrW,2,10,5,10,14;11;25;8;13;19,2,2
0SyA7nwT,2,1,4,8,14;7;3;15;25;13;1,2,2
0OCWkZTU,5,10,1,6,14;23;6;25;19;17,2,2
0sn6krBy,3,10,11,6,14;23;13;12;21;6;1,2,2
0Ln76OgP,2,1,9,10,20;5;14;3;2;18;8,2,2
04GZAwud,4,10,10,3,7;1;17;2;24;10,2,2
0UYSlZ06,8,8,6,10,7;20;24;4;12;10,2,2
03VtgAGh,7,3,1,4,1;4;6;21;15;20,2,2
0jdRFtJ3,6,6,8,5,7;5;6;23;24;25;18;10,2,2
09d2V7WK,4,1,11,8,20;21;24;11;6;1;17,2,2
0Yxij9Lh,12,1,7,10,20;11;16;8;19;13;8,2,2
06MIz1pY,12,6,10,8,14;25;21;5;24;19,2,2
0CpVuMOW,4,3,8,10,1;4;3;21;2;16;17,2,2
0dVlUfkK,5,8,9,1,14;12;7;23;9;21,2,2
0i6ew4di,1,4,4,2,7;11;11;2;6;23,2,2
0jxGxbbc,8,6,10,10,1;15;21;7;24;2,2,2
0WD5HGla,2,10,6,6,1;20;3;21;16;2;5,2,2
02x1sukd,1,1,2,6,20;1;3;15;4;14,2,2
0tQMomq6,6,10,4,1,1;20;9;12;5;25,2,2
0Y4MRho0,10,4,3,6,7;1;3;4;9;21;8,2,2
0gwGZ7r0,7,6,5,1,14;16;15;8;18;21;3;2,2,2
03hvHHeP,11,3,5,3,7;21;12;6;19;11,2,2
04qZsGfb,5,6,8,5,14;7;9;11;12;24;4,2,2
0DtosZ3A,12,10,11,6,14;21;24;8;7;20,2,2
0Ultcqdz,1,6,12,1,1;2;3;15;24;14;3;8,2,2
0GD56EZH,2,1,4,5,14;23;6;19;13;11;4,2,2
0u4qDDCR,12,4,8,6,7;4;13;23;21;8,2,2
0oDUnGRK,3,3,11,6,7;12;20;24;5;15,2,2
0ZbsCLXb,8,3,7,10,20;4;24;2;17;3;5,2,2
0Uj4acCR,11,6,12,4,20;25;3;23;19;12,2,2
0Yyed7vI,3,7,7,6,7;5;25;17;9;10,2,2
0t06f7hi,3,3,1,6,1;23;16;2;9;21;16;22,2,2
0YCvfopw,9,5,3,10,20;21;14;9;2;7,2,2
0dNE1WVK,8,1,3,6,14;21;9;10;17;6;20,2,2
0F00T9Dn,10,3,12,1,1;17;11;6;10;21,2,2
0iY5FTQk,11,10,3,6,14;23;24;2;25;16;5,2,2
0nsHzp5V,4,6,1,5,14;21;6;19;14;20,2,2
0B1KCrIa,12,10,11,10,14;10;16;23;15;20,2,2
0FGu3Q6x,4,5,9,1,1;2;6;4;5;1,2,2
0TbG7bKe,5,6,9,1,1;5;6;25;19;24;20,2,2
05Q0RndO,2,1,12,3,14;19;9;17;10;13;5,2,2
0JsHG0sD,10,1,12,10,14;2;16;4;15;10,2,2
0DLZvBFD,2,6,10,3,14;5;1;16;25;11,2,2
0QkiVdGn,8,3,6,2,1;15;6;8;5;16;10,2,2
05YmrxyR,7,3,12,8,20;21;9;4;18;1;6;14,2,2
0DV6Tw0B,4,6,8,2,14;19;6;2;1;15,2,2
0SPIHhje,1,10,12,3,14;25;13;11;24;17;15,2,2
0nTpY6eL,4,10,12,3,14;21;2;16;4;12,2,2
02tWtBGp,6,3,10,4,20;19;9;14;18;12;9;8,2,2
0T2RJnvB,8,4,6,5,20;23;15;3;2;16;8,2,2
0tgzXToE,9,4,8,6,20;12;15;3;20;4,2,2
0r4xEfGS,9,4,8,10,1;10;6;14;3;19;2,2,2
0TPcHpZA,8,5,12,10,1;15;3;10;16;11;7,2,2
0rGeIseU,6,10,5,6,7;8;24;12;18;23;24;7,2,2
0UBkTsbq,7,4,12,1,1;19;6;10;9;20;14,2,2
0sYMcljN,7,4,6,6,7;23;9;15;18;14;13;5,2,2
0H6Ijh38,3,10,2,3,14;17;2;4;24;17,2,2
0VE2epQv,8,10,7,4,14;8;1;10;16;5,2,2
0h9Ivg0L,3,10,7,4,1;14;15;6;15;7,2,2
0mFsC9up,7,3,1,10,1;20;21;24;12;9;11,2,2
0pQLvZw6,5,1,9,5,7;5;13;17;15;21,2,2
0QekVGup,12,10,8,8,1;23;3;14;15;18;10,2,2
0yHKoDZT,1,6,6,4,1;5;6;23;21;15,2,2
0ZrndzlH,1,6,2,4,14;10;17;3;5;19,2,2
0FgdOMsH,10,3,12,8,1;15;14;24;25;7,2,2
0PL2h5Vq,4,4,7,6,7;2;9;17;3;5;12,2,2
0j5iPvpo,4,4,9,10,1;23;25;13;25;15,2,2
0A4gyGMJ,1,6,9,1,14;8;24;20;12;19,2,2
07ZKKcya,12,4,9,8,14;25;9;21;17;18;1,2,2
0ZvuKFQo,10,1,4,6,7;10;3;20;6;4;18;10,2,2
08KlWYJ1,12,8,5,10,7;9;12;17;10;18;4,2,2
0FLtfR9s,6,4,9,1,14;4;13;7;25;16;20,2,2
0Ns9exeg,5,6,11,1,1;10;9;5;20;13;15,2,2
0iK7rhqN,1,5,10,1,1;10;9;20;25;6;8,2,2
0gCpBvD9,1,10,4,3,7;10;23;15;9;8,2,2
0gjsypPO,8,3,6,10,20;5;7;12;3;10,2,2
0kbBrO24,12,6,10,10,20;19;9;7;12;14,2,2
0KsL5ems,4,7,9,6,14;8;1;9;4;16;7,2,2
0nwOyGGS,3,4,12,10,7;20;16;7;8;2,2,2
0rtBrBQS,2,8,5,4,7;4;24;11;10;6;21,2,2
0BKymgXr,3,3,12,10,20;12;13;14;10;10,2,2
0HkIaGWY,12,10,10,8,1;19;24;21;23;9;23,2,2
0A94gTV8,6,4,12,3,7;20;13;12;5;18;25,2,2
0qq7OilQ,1,10,8,1,14;1;16;7;1;6;23,2,2
0ppOmi0Q,9,3,6,10,20;25;2;9;8;12,2,2
0pYbJSBp,10,3,4,9,20;17;16;10;23;11,2,2
0Igy0tIn,10,4,11,4,1;20;16;10;19;12,2,2
07P4wp5G,3,7,5,10,7;19;16;5;18;4;8,2,2
0eFIoAks,6,5,9,7,1;10;5;6;15;11,2,2
09r6JegO,12,3,4,8,1;2;4;13;4;5,2,2
0ARG6RRw,6,1,7,1,20;5;9;2;15;1,2,2
03N1NwL7,7,4,10,1,7;14;9;19;2;18;21,2,2
0OzzJ4qY,3,8,4,2,7;23;13;25;15;11,2,2
07Z2gVv9,12,10,4,6,1;14;7;16;15;22,2,2
0yAPGAD1,1,6,12,7,1;14;11;15;6;5,2,2
0UzcZMDK,10,10,4,2,7;19;25;16;4;14,2,2
035MpGMl,6,3,4,4,7;4;6;23;21;15,2,2
0TXUnye2,12,8,6,2,7;7;14;2;10,2,2
0D1iPRha,1,7,5,3,20;5;16;12;8;3;14,2,2
0VzNBjEX,12,4,7,10,7;17;21;16;21;4,2,2
0dLkD6BA,7,4,1,10,7;2;9;17;6;15;18;8,2,2
0sKC0nEl,5,2,8,1,20;12;9;1;6;21;15,2,2
0q1VAVEU,11,2,1,3,1;14;13;15;9;17;20,2,2
0GpD13yb,2,7,11,4,20;15;6;17;25;7,2,2
0zbyUZDf,9,1,7,10,1;12;23;10;9;15,2,2
0k9B4d1c,2,10,5,4,7;20;3;2;8;19,2,2
0w2Zovlh,2,3,3,4,1;5;6;7;1;13;20,2,2
0pfzMnlS,6,10,10,7,1;10;24;2;22;16;12,2,2
0FvHbm9V,2,2,1,10,20;10;17;19;24;19,2,2
0IB0L3Kv,12,3,9,8,7;4;6;12;15;5,2,2
0GRlKyIX,2,1,11,8,1;12;6;5;15;24;22,2,2
0ugg1raI,4,3,6,4,20;12;6;17;2;7,2,2
0chKJu9v,6,10,4,3,7;8;3;5;11;6;10,2,2
0hLXHGsv,8,1,7,10,14;8;6;23;9;10;7,2,2
0U0IagF9,10,10,2,4,14;11;12;8;16;17,2,2
0Vl9omgw,2,10,9,4,1;14;8;3;20;12,2,2
0uVSuKj5,9,4,2,10,7;25;24;20;17;15,2,2
0VWFCKur,11,10,8,3,14;21;19;16;20;2,2,2
0djAckhz,6,5,9,9,14;19;13;8;19;11,2,2
0O2BuFCb,12,1,2,10,14;19;10;3;15;12,2,2
0k5rU5zp,1,8,10,1,7;21;9;5;18;23;9;8,2,2
08p5f106,1,4,2,6,14;20;6;7;19;16;17,2,2
0GZbSjux,4,6,6,3,1;25;10;16;20;22,2,2
0NED9tIO,3,4,9,10,1;5;9;15;17;18;20,2,2
0P4rkKu0,9,6,12,5,1;4;23;9;19;12,2,2
0v9N2vK3,8,7,10,6,14;11;9;10;23;19,2,2
0uNMtoL3,3,4,5,6,20;5;7;21;15,2,2
0W2TcjmG,8,6,4,2,14;5;16;21;12;20,2,2
0V4qMbSe,5,4,9,8,20;14;6;15;2;16;5,2,2
08B4rpwM,11,4,1,1,20;14;6;4;25;17,2,2
03GaoMuP,6,10,7,3,7;21;9;8;3;23;14,2,2
0ayG4rjk,2,1,6,10,1;15;14;9;4;5,2,2
007mrZtN,2,3,1,7,20;4;17;9;1;25,2,2
0PQDGGBL,12,1,5,8,7;4;5;16;14;17,2,2
0aloEqtG,7,10,6,8,14;17;16;7;13;8;21,2,2
0c1KTxSB,3,1,2,10,1;10;20;16;17;24;14,2,2
0wB4a9Gw,9,6,1,1,20;17;24;1;5;6;12,2,2
0mxOYjX6,11,4,4,2,20;11;3;15;6;10;1,2,2
01Y3P7sC,10,4,11,2,20;17;9;15;10;16;22,2,2
0E3iJraY,6,10,3,3,14;10;3;11;4;18;19,2,2
0J1gjyeL,6,3,10,2,20;19;9;4;11;16;23,2,2
0rjtEdNa,12,3,11,10,1;14;6;10;12;9;25,2,2
0tPVjsYe,9,4,1,3,1;7;21;20;7,2,2
0HqRCoKb,2,4,3,10,20;8;13;7;5;4,2,2
0eIZAEyY,4,10,12,1,7;17;16;20;25;19,2,2
0X6aSz8t,3,3,5,4,20;14;25;3;5;23,2,2
0RmOjSd5,4,5,7,1,1;19;11;9;4;7,2,2
0co3bqXZ,6,7,9,10,7;8;3;20;13;11;1,2,2
0GTIPFRy,11,1,5,10,20;4;24;21;23;16;2,2,2
0syng2zu,8,7,4,9,1;15;9;12;13;25;15,2,2
07udKveY,12,10,5,6,7;21;3;2;14;5,2,2
0xcjaEwE,12,6,2,3,1;7;15;13;11;12,2,2
0bnWPTQb,8,10,10,7,1;15;16;11;21;13;17,2,2
0nCNhfPM,7,9,4,10,20;4;9;7;21;25,2,2
06OXH2ws,10,6,3,1,14;21;1;7;8,2,2
0zic9sJL,2,10,11,2,7;17;3;25;19;21,2,2
0Fy0S0Xx,11,1,8,7,7;5;23;24;22;21,2,2
0Z9OWG1L,1,4,7,1,7;2;16;5;6;11;23,2,2
0GhyIk69,3,10,5,6,1;15;16;17;2;18;23,2,2
0t3COvxf,9,8,4,10,14;11;16;14;1;25,2,2
0eYID6Sv,9,8,1,10,7;11;19;16;12;2,2,2
0HKkUrZ4,9,7,2,4,7;4;16;8;19;10,2,2
0NIAvr04,6,1,9,3,1;7;2;24;4;5,2,2
0ZoKE6Yi,4,1,10,6,1;4;23;3;10;16;8,2,2
09ZTj41Q,11,1,1,8,1;8;13;4;3;15;5,2,2
0VzCDwSM,7,1,12,3,20;25;10;17;16;8,2,2
0kSJjoQT,2,6,5,1,14;5;13;7;17;23,2,2
02YhnTAg,2,4,12,2,20;5;7;6;17;11,2,2
0AVAw5s4,6,4,1,8,7;1;23;6;10;16;17,2,2
048Jb5HZ,8,6,12,9,1;5;24;23;16;23;17,2,2
0w127lnp,11,4,6,4,7;5;13;1;2;3;19,2,2
0HuYiEfa,9,2,7,6,20;17;13;7;25;4,2,2
0AUgVdrv,5,8,11,3,14;12;9;17;21;25,2,2
056ufwhZ,6,3,3,2,1;12;4;6;8;17,2,2
0b7uB0pT,2,6,7,10,1;25;24;14;18;2;4,2,2
0mkrqRRZ,6,7,2,8,7;15;3;5;17;1,2,2
0Beypjbq,11,10,12,2,14;1;16;15;25;6;15,2,2
0mgGOixl,9,5,12,2,1;19;14;6;20;17,2,2
05MSTMvx,12,10,11,8,7;12;9;21;16;20;11,2,2
0uHkdnAN,11,2,2,3,20;5;7;10;16;11,2,2
0GH4D3p5,9,3,8,1,7;25;15;17;3;21,2,2
0O3wKpuB,7,4,6,6,20;17;6;25;11;17,2,2
0Q793ql3,9,3,2,2,20;5;24;12;6;2;24;8,2,2
05tEZFeP,9,4,5,10,20;12;3;10;15;19,2,2
07A4h0p4,10,3,1,1,7;8;9;12;10;6;15,2,2
0ic2O4sU,4,2,10,7,7;14;17;19;3;1,2,2
0VMND9td,5,5,3,8,20;8;13;21;7;1,2,2
09KCbEgy,2,8,12,4,20;15;17;9;5;12,2,2
0OgaK6Ks,9,5,5,4,1;10;21;24;23;20,2,2
0xmgzwzP,7,3,2,3,20;8;12;24;1;21,2,2
0npCkLvM,12,3,3,5,20;2;7;3;4;12,2,2
0ucRhT4e,7,10,12,8,14;19;16;5;7;23,2,2
0MdZsXk8,3,4,12,6,7;5;15;13;2;10,2,2
0qU3HMsU,6,6,5,7,20;23;13;15;18;19;13;12,2,2
0RCY2wuc,10,1,5,5,1;12;5;16;19;10,2,2
0bIbusmQ,1,8,7,5,14;15;9;21;21;13;20,2,2
0M7OHR8f,6,10,14,3,14;10;9;23;19;24;1,2,2
02BUNPFQ,4,10,11,1,7;2;14;20;24;11,2,2
00vcWrBk,11,3,10,4,20;8;6;25;18;7;12,2,2
0gJqppLe,6,1,4,6,20;1;23;25;13;17,2,2
0KVNzLlN,5,1,3,9,1;25;3;23;21;23,2,2
0IJiN2J2,12,6,1,4,14;8;16;23;9;11;17,2,2
0FqsBm3X,2,3,1,8,7;5;9;17;24;19;25,2,2
0mBKJUvD,6,5,12,2,14;21;24;20;5;18;20,2,2
0KcdLnYP,12,1,4,3,7;15;3;14;10;8,2,2
0kGbM9zt,10,3,11,2,1;21;3;15;12;16;20,2,2
0tZqnZYU,3,10,12,7,14;15;16;7;10;8,2,2
06PRtrks,11,10,5,1,14;13;23;4;3;21;13;5,2,2
0X0jGX0j,8,4,1,1,20;2;19;3;20;14,2,2
0YCyCsz7,10,1,7,10,20;5;9;17;21;16;10,2,2
0bKAv6J7,6,10,7,4,14;21;9;1;15;16;4,2,2
0FpJRo1S,7,10,12,7,14;10;8;3;20;24;7,2,2
0U8CMxaL,11,10,3,3,14;11;13;17;12;9;1,2,2
0DVt9WNr,3,1,2,10,14;21;3;10;19;18;15,2,2
0tvNMT3V,6,10,4,7,14;2;17;9;8;1,2,2
0nsj7VvK,2,10,10,8,1;11;9;7;5;19,2,2
0AH72Umu,8,3,14,7,7;15;16;25;1;24;19,2,2
0EX7w0es,10,7,11,1,20;14;6;15;15;24;23,2,2
08dy4Dqh,2,3,9,5,20;7;3;10;15;6;2,2,2
00wL4Vwq,1,1,9,3,7;14;6;11;10;23,2,2
0rRuMRGv,11,3,12,8,20;17;4;8;9;25,2,2
0ZrDu0oa,7,10,6,6,1;11;9;5;4;14,2,2
0Kmc2UgS,9,1,1,3,14;13;25;16;22;18;4;23,2,2
0cQY5uWO,4,3,12,1,1;10;24;20;4;6;12,2,2
0eRZefwI,7,4,6,10,14;5;13;1;11;7,2,2
06Leo617,6,1,12,9,1;12;16;22;18;21;9;11,2,2
0htxoy55,1,10,9,10,14;2;24;25;16;4;18;23,2,2
02RRVMyi,1,8,8,1,14;7;24;5;1;16;15,2,2
0jAmGHQS,3,6,9,1,14;8;6;7;17;9;20,2,2
0cabrZ85,3,5,11,3,1;25;14;16;22;4,2,2
0BwxC5K4,12,10,1,5,14;20;3;1;6;15;4,2,2
034MLHt8,1,3,10,2,7;8;13;14;11;3;19,2,2
0LBfOkYW,1,1,12,4,14;17;4;9;10;21,2,2
0IlGaOCe,7,5,12,3,20;10;4;6;23;25,2,2
00dH6b4x,10,10,6,4,14;17;3;10;9;19;15,2,2
05beQB1R,1,7,4,1,20;8;3;15;13;5;3;23,2,2
09tGhUCx,8,1,2,3,14;19;25;3;15;8,2,2
02n74qYF,2,10,8,6,14;12;7;19;9;2,2,2
0o0Qeofq,3,3,4,6,20;21;6;25;21;24;1,2,2
0tg9ai6b,8,7,7,10,7;11;13;15;4;9;15,2,2
0FpKaXwm,6,10,8,6,1;23;13;8;18;23;13;2,2,2
0biBvglA,6,3,3,10,7;19;24;15;9;12;14,2,2
0mZHDXvU,3,3,9,6,7;10;9;25;4;18;4,2,2
0HflG7Qm,4,1,3,10,1;10;23;6;20;4,2,2
0VDLK50G,1,3,7,10,20;17;13;5;10;20,2,2
0CiNcLS2,6,8,2,1,7;15;16;2;1;10,2,2
07JzvSCQ,8,10,10,5,1;2;13;4;18;25;21,2,2
0nVOrlpm,9,6,2,6,14;2;13;1;8;23,2,2
0nwDG4Nf,11,6,1,10,14;12;6;7;4;13;15,2,2
0kAXv8iu,1,8,4,2,1;4;19;13;19;21,2,2
0b4FQEFf,7,3,12,1,20;16;21;24;1;23;17,2,2
0zGwaZtE,10,7,11,3,7;4;6;20;10;17,2,2
07I1zIGm,11,10,6,3,14;21;17;6;2;12,2,2
0wUhHfJK,11,7,12,10,14;17;10;19;16;21,2,2
0Wj08BOZ,10,10,2,6,14;12;20;16;11;13;7,2,2
07hPjfqn,5,10,9,1,7;9;8;16;11;23;15,2,2
0MVRRHIq,2,4,1,10,20;1;3;8;6;21;25,2,2
02CTIJFU,9,6,7,1,14;17;2;6;1;15,2,2
0y556J7S,12,3,5,4,20;12;21;24;11;1,2,2
0AYaZ8UG,12,4,1,10,1;2;13;10;16;21;18;21,2,2
0VABACQd,2,4,7,10,14;11;12;7;2,2,2
0eMpMIwC,10,10,3,6,14;1;3;20;8;13;4,2,2
0bXrCsJX,5,3,11,10,1;15;11;16;14;24;10,2,2
0hsDQzLc,7,4,5,10,7;10;13;19;18;8;13;25,2,2
0G0FtE3t,7,4,12,2,20;7;9;11;1;3;5,2,2
0wDlRZT5,3,4,7,10,7;25;16;23;17;19,2,2
0WGE4sfK,3,3,5,6,1;12;16;19;18;15;9;14,2,2
0o5d6nWv,12,4,9,7,20;25;16;8;11;13;11,2,2
08n9edhj,12,8,7,3,14;5;7;4;6;10,2,2
0YNDHspK,7,6,3,9,7;8;17;3;21;18;21,2,2
0cByfgd4,11,5,10,1,20;7;12;16;1;17,2,2
0zEiAwUx,10,7,2,6,14;4;13;2;18;17;16;15,2,2
0KuRWvBI,2,10,11,4,7;10;3;5;9;5;1,2,2
0bhCmlG4,5,5,8,4,14;14;2;1;3;25,2,2
0rLK30lV,12,8,9,5,20;19;24;23;22;1,2,2
0wVkrFdM,6,3,11,5,7;1;6;15;8;4,2,2
009VPgk8,12,2,4,10,20;10;3;2;25;18;4,2,2
0lK3DdIN,4,5,8,10,20;10;11;24;19;15,2,2
0GhpeLR1,5,6,9,2,1;11;3;10;15;14,2,2
0F33DVWA,2,3,1,7,7;12;2;25;6;17,2,2
0oZO6UdC,1,1,8,7,14;11;5;4;6;7,2,2
00lpCXVU,6,8,3,4,20;5;13;20;24;22;2,2,2
0QQoQ8cb,4,1,9,6,7;25;16;15;2;22,2,2
0FXNxRYF,9,7,7,9,7;4;24;14;20;3;8,2,2
0V9FOBSx,12,6,11,4,1;21;6;12;16;23;25,2,2
0eFRDhQK,6,10,11,3,14;17;9;12;24;4;23,2,2
0AjwyjNt,10,2,1,4,7;23;2;3;20;11,2,2
0102bykj,11,3,4,6,20;17;23;24;10;14,2,2
0Eo4ynwc,1,7,9,10,20;10;20;13;7;1,2,2
0jMjxzNA,2,6,5,1,1;5;9;2;16;12;8,2,2
0yALTcTA,5,3,8,1,1;21;16;23;13;2;25,2,2
0jA5Jnrp,6,5,5,3,14;14;16;5;3;11;17,2,2
0IwPJj45,10,10,5,4,14;7;13;17;16;25;12,2,2
0jAEl1Ze,1,1,12,4,14;1;6;23;19;5,2,2
0bGPYuka,3,6,7,7,7;17;9;23;4;2,2,2
0JVWjGkd,6,10,5,3,1;12;24;21;23;21,2,2
0StkKVl0,6,10,10,7,1;14;23;25;16;15,2,2
0c9gQYuE,8,4,12,5,20;12;13;17;2;18;14,2,2
0xQSQxzj,9,3,12,1,7;25;4;24;15;13;20,2,2
01jQBsuX,2,7,7,4,14;17;24;23;3;4;18;20,2,2
0C5jmUzr,2,1,11,4,14;11;12;6;25;1,2,2
07ivHFEE,1,10,3,7,1;4;24;20;6;15;10,2,2
0yu6WFTL,11,2,5,6,20;15;8;9;11;20,2,2
0IBZO49V,11,6,7,3,1;2;25;16;15;13;20,2,2
0hz0Xf1c,7,1,11,6,1;2;21;16;22;18;19,2,2
0XrfBLdS,10,10,9,6,14;23;16;5;13;17;16;7,2,2
01Zywnw2,12,6,6,1,1;2;24;20;8;10,2,2
0yOWaa5J,4,1,11,2,1;15;14;13;17;9;19,2,2
0gnSZE4W,3,5,7,1,14;14;6;21;1;8,2,2
0VYnCeDG,10,7,7,4,14;17;13;19;18;7;11,2,2
0byrie8r,10,10,12,6,7;5;24;23;22;22,2,2
0OeGBVeO,1,3,5,6,7;9;23;12;11;18;14,2,2
06uSIEMe,9,5,10,1,14;1;6;2;24;20;5,2,2
04O5E3Qj,2,1,8,5,7;17;19;9;5;3;1,2,2
0SiEgGWV,2,6,1,4,7;4;16;1;20;13;1,2,2
0QH3xBEN,11,1,6,3,1;1;4;16;12;6;7,2,2
0KVQ6qOj,12,3,11,1,20;11;4;13;8;1,2,2
0caN3gNN,11,6,10,3,1;14;13;4;11;3;10,2,2
0jR3Tqpt,3,5,10,1,1;12;24;7;2;8,2,2
0EpCGee0,9,10,1,1,7;12;6;1;25;18;15,2,2
0POwN7Fo,2,6,12,2,1;25;24;22;8;13;17,2,2
0ksJX15k,9,10,7,8,1;12;8;13;2;6;15,2,2
0L7FY0lP,4,10,3,1,1;21;10;6;11;13;7,2,2
0MOteuxX,6,4,1,10,1;11;13;1;15;16;23,2,2
0DzX25Nq,4,3,12,10,20;11;6;5;24;22;2,2,2
0r2SqRrK,9,5,7,10,1;7;17;6;21;14,2,2
03KL14JW,12,6,4,3,1;12;14;20;6;17,2,2
0X4tLJlD,3,4,9,1,20;25;14;7;13;23,2,2
0THPqX7W,11,6,1,5,1;20;5;25;9;23,2,2
0K70ltCN,5,6,8,5,20;15;17;13;4;17,2,2
0tPNQD3Y,11,6,3,3,14;2;7;4;9;12,2,2
0yGDgYWN,8,8,6,6,14;23;13;11;9;17;18;21,2,2
0KbCxbgJ,9,2,10,10,7;12;14;16;5;11,2,2
0KQRe5GJ,9,10,1,6,14;23;7;16;14;3;25,2,2
0jFkqzfO,2,6,1,2,14;5;15;6;20;8,2,2
0nOjunuo,4,1,8,6,14;25;14;15;9;19,2,2
0EqUPF4I,1,6,7,1,14;15;13;12;1;18;20,2,2
0hKQT9H9,2,4,7,3,14;17;16;8;24;25;2,2,2
0pS07Ou6,1,10,12,1,7;12;12;4;13;19,2,2
0i2GrqhE,11,4,5,1,20;1;2;16;15;20,2,2
0EwyKMyK,5,10,3,2,7;17;16;15;7;12,2,2
0imXGLKD,4,8,7,3,7;14;6;1;9;20;12,2,2
0nPFgOiv,10,3,7,3,20;14;10;17;7,2,2
0hC4TQvP,3,10,7,3,14;17;21;2;3;12,2,2
0PefHYj0,2,1,7,2,1;8;16;23;23;25,2,2
0brU1I9d,11,10,10,6,14;14;23;9;1;24;11,2,2
0mDNce7v,9,8,7,7,14;5;15;9;8;18;2,2,2
0GSUcwuS,6,7,12,1,7;11;2;9;20;23,2,2
00UtiQZi,9,4,6,10,20;7;24;23;15;8,2,2
0Bm8Ld19,3,4,10,1,14;21;11;13;23;17,2,2
07KhroPv,7,8,4,3,7;4;8;3;12;6;17,2,2
0SlFnPJx,9,3,7,8,1;2;6;10;3;15;5,2,2
0hclN9Fd,6,10,5,10,7;24;11;9;23;10;24;8,2,2
081X9keL,2,6,6,8,14;10;19;13;23;25,2,2
0mOFgw1W,11,5,7,6,7;12;3;23;20;24;19,1,2
0WkyL8dX,9,5,10,4,7;10;24;8;4;16;20,1,2
0HRJPAty,8,8,1,3,20;2;19;7;3;12,1,2
0blKAhHc,1,3,8,1,20;10;14;24;21;3;5,1,2
0iqejgkk,11,1,4,5,1;1;21;8;6;11,1,2
0QUOLT6y,2,6,6,8,14;11;24;12;2;17,1,2
0Gy4YYB3,6,2,9,1,7;11;5;23;1,1,2
0Hz8lKP6,4,5,3,4,14;15;24;12;23;18;1,1,2
033at2TM,9,6,8,3,1;20;5;21;24;4,1,2
0nTWock7,10,1,8,6,20;21;24;1;4;6;17,1,2
0ddtHZwq,9,6,7,3,14;19;24;11;13;4;20,1,2
0bLb9fGA,6,6,4,4,7;5;24;12;16;22;20,1,2
0B0nan3L,9,4,2,7,7;12;3;19;12;21,1,2
0wZcbztn,3,4,4,6,20;17;16;4;10;3;17,1,2
0Sey7hB9,4,3,6,4,20;2;3;21;5;15,1,2
0SxdfMDu,10,1,1,2,1;8;20;17;16;10,1,2
0JEw8ZSa,12,3,9,4,1;7;23;6;4;21,1,2
0mKAm3SR,7,8,12,4,20;19;6;23;20;24;1,1,2
0veyaPct,9,6,4,5,7;23;17;23;24;14,1,2
0asaEN0K,3,5,4,4,7;1;24;5;6;14;19,1,2
0MXVQ8Ru,11,5,1,3,20;12;16;17;24;1;11,1,2
0EPVaXue,3,2,5,3,20;21;9;14;16;8;17,1,2
0J6a4Pk6,9,5,8,6,7;4;9;5;21;20,1,2
0LSXkJ9R,11,1,5,8,1;12;16;21;22;8,1,2
0h2yvo40,12,6,4,1,1;20;2;24;23;4,1,2
0gJqrPFF,5,1,9,8,20;15;9;10;18;12;5,1,2
0mvWz9Nn,10,5,4,3,7;1;16;5;9;14;8,1,2
0v0jsHgY,12,4,7,7,7;15;1;6;4;11,1,2
0PAmtiRi,4,6,9,8,14;7;23;3;21;1,1,2
08lbRQ8c,10,8,2,6,7;2;13;20;14;17,1,2
0Q0jlb4G,6,5,12,3,14;10;1;17;13;7,1,2
0HdcOJOn,11,3,10,7,1;10;9;10;15;14,1,2
0k6uiIUs,11,1,3,7,1;2;16;7;1;19,1,2
0J3i27Pu,8,4,2,7,20;5;6;19;21;9;10,1,2
0YH2JP1M,12,6,13,8,7;12;24;21;20;8,1,2
0wd6SVLg,4,3,2,1,14;20;9;10;13;7;19,1,2
0top7gu4,12,1,6,6,1;11;6;4;24;15;2,1,2
0H8dBlB3,1,3,7,7,14;19;16;10;9;15;8,1,2
0k2jpsg3,9,8,4,4,14;7;6;8;21;17,1,2
0OaLLcsB,7,6,11,8,7;14;6;12;4;8,1,2
0EyUe3qw,12,1,6,2,14;7;20;10;9;19,1,2
0wrcT0fm,12,1,3,3,14;12;21;20;24;11,1,2
0iG1k5Mv,6,3,3,4,1;15;5;16;8;18;1,1,2
0ievEgxH,9,7,2,8,7;19;9;10;16;12;1,1,2
0Pa3g4JA,10,1,4,1,1;15;6;12;16;20;14,1,2
0WMm1A5a,8,8,6,4,7;21;1;4;9;5,1,2
0Y41GIwZ,12,7,10,3,7;14;7;6;1;3;12,1,2
0fklPu1c,12,6,9,4,20;1;8;3;10;15,1,2
0gsRdRqD,8,6,7,1,14;8;7;9;5;16;20,1,2
0Kxy51PR,11,4,2,3,7;14;9;20;11;6;8,1,2
0QHHxVfr,10,3,7,6,14;4;9;11;1;20,1,2
0FvZ4VLd,6,4,8,2,7;2;21;9;19;21,1,2
0hsRGoTv,8,1,1,4,1;12;15;6;5;19,1,2
0iM14mqM,7,4,3,2,7;11;5;24;12;23,1,2
0y9xsi17,6,4,3,8,20;7;13;8;3;19;15,1,2
0RoojUUP,2,4,10,6,7;21;23;15;6;5,1,2
0fYlnUpN,4,7,10,3,20;5;13;11;7;14,1,2
0N0fY1bf,12,6,7,1,1;12;19;24;20;7,1,2
0ZwvM4rH,4,5,2,1,14;20;9;15;23;24;21,1,2
0Hgfh06q,7,2,11,4,20;21;13;21;9;15;19,1,2
0aTKBjFR,6,7,8,6,7;2;4;16;23;22,1,2
0wuJX2GE,6,8,11,4,20;15;13;21;6;11;23,1,2
0WEJDx1T,4,5,3,4,14;7;16;8;20;4,1,2
0COQVAKk,9,7,12,1,7;19;15;3;8;17,1,2
0ztdHdwc,5,7,11,6,14;10;24;22;12;5,1,2
0M1Eu2wZ,6,3,5,7,7;5;24;12;21;14,1,2
0DIcGTfN,6,6,4,4,14;23;16;2;18;15;16;21,1,2
0jKxYThw,8,3,12,5,1;5;6;8;9;1;8,1,2
0JrhnVVw,6,7,7,3,20;19;11;6;10;17,1,2
0T599oRU,3,8,9,3,7;8;13;2;11;9;11,1,2
0Fws4ARe,6,4,1,3,20;1;1;2;9;14,1,2
01uAlDWV,7,3,11,7,1;8;3;14;13;12;18;23,1,2
0WpBAOFV,1,4,4,8,20;10;15;21;20,1,2
